alpha,n_mm,extra,seed,agent,n_states,contested_share,restraint_given_contested,restraint_share,forgone_reward,q_gap,undercut_depth,mean_astar,mean_b
0.1,2,,0,0,32,0.6498316498316499,1.0,0.9797979797979798,1.4723992693325747,4.347021845809364,4.099656357388316,15.414141414141413,11.397306397306398
0.1,2,,0,1,32,0.3872053872053872,1.0,0.9629629629629629,0.9465685589892535,6.348817874951362,3.234265734265734,14.468013468013469,11.353535353535353
0.1,2,,1,0,24,0.5757575757575758,1.0,1.0,1.3845955752642443,6.97900709236495,2.074074074074074,13.478114478114477,11.404040404040405
0.1,2,,1,1,24,0.5488215488215489,1.0,0.8148148148148148,1.3821285954532176,4.263751506147905,3.690082644628099,13.56902356902357,10.562289562289562
0.1,2,,2,0,70,0.5757575757575758,1.0,0.9865319865319865,1.16865327613468,5.256146409065634,2.7645051194539247,12.956228956228957,10.228956228956228
0.1,2,,2,1,70,0.5454545454545454,1.0,0.9932659932659933,1.0516071922684085,4.945233405394117,3.2779661016949153,13.181818181818182,9.925925925925926
0.1,2,,3,0,72,0.5016835016835017,1.0,0.9595959595959596,1.1101420362345533,4.585066262314134,2.2982456140350878,13.255892255892256,11.05050505050505
0.1,2,,3,1,72,0.5791245791245792,1.0,0.9865319865319865,1.227566932822161,4.142170563253149,3.907849829351536,14.255892255892256,10.400673400673401
0.1,2,,4,0,37,0.4208754208754209,1.0,0.8720538720538721,0.964583476324444,4.805095292815496,1.8764478764478765,12.895622895622896,11.25925925925926
0.1,2,,4,1,37,0.7272727272727273,1.0,0.9831649831649831,1.6379302213293363,5.724422401558826,4.736301369863014,15.636363636363637,10.97979797979798
0.1,2,,5,0,82,0.5117845117845118,0.9802631578947368,0.936026936026936,1.1493166070400376,4.267859197233077,2.485611510791367,13.212121212121213,10.723905723905723
0.1,2,,5,1,82,0.5353535353535354,1.0,0.9528619528619529,1.2467640159325262,5.4495470052709445,3.3992932862190814,13.69023569023569,10.451178451178452
0.1,2,,6,0,62,0.4612794612794613,1.0,0.8653198653198653,1.0838446475922079,4.414131190932747,2.894941634241245,12.851851851851851,10.346801346801346
0.1,2,,6,1,62,0.6161616161616161,1.0,0.9057239057239057,1.3095938110593022,4.236295694544525,3.7063197026022303,13.336700336700337,9.97979797979798
0.1,2,,7,0,47,0.4377104377104377,1.0,0.9663299663299664,1.1945878417624654,7.29052155799021,1.254355400696864,12.535353535353535,11.323232323232324
0.1,2,,7,1,47,0.6161616161616161,1.0,0.9629629629629629,1.2226945708528703,4.100172881779198,5.7377622377622375,15.239057239057239,9.713804713804715
0.1,2,,8,0,59,0.38047138047138046,0.9026548672566371,0.8181818181818182,1.0040544374648035,4.7989286500007635,2.6954732510288064,12.922558922558922,10.16161616161616
0.1,2,,8,1,59,0.5420875420875421,0.9813664596273292,0.9494949494949495,1.195519239410141,4.33587607325185,3.74468085106383,13.942760942760943,10.377104377104377
0.1,2,,9,0,46,0.5925925925925926,1.0,0.8922558922558923,1.3119964490724485,4.8308037866901605,4.747169811320755,14.414141414141413,10.178451178451178
0.1,2,,9,1,46,0.3265993265993266,1.0,0.9562289562289562,0.9074083430011619,6.375476670101409,1.6866197183098592,12.946127946127946,11.333333333333334
0.1,3,,0,0,149,0.7239057239057239,1.0,0.9764309764309764,1.4707646957521168,4.457484958136664,5.958620689655173,15.521885521885523,9.703703703703704
0.1,3,,0,1,143,0.7609427609427609,1.0,0.9865319865319865,1.50353866785717,4.884498495599236,4.8839590443686,14.814814814814815,9.996632996632997
0.1,3,,0,2,147,0.6498316498316499,1.0,0.9461279461279462,1.4019448097279528,3.78549453292948,4.9288256227758005,14.851851851851851,10.188552188552189
0.1,3,,1,0,148,0.6835016835016835,0.9605911330049262,0.9494949494949495,1.3871459282290384,4.284425600576066,4.960992907801418,14.831649831649832,9.676767676767676
0.1,3,,1,1,138,0.7710437710437711,0.9650655021834061,0.936026936026936,1.6629738732396624,3.988596201602861,5.766187050359712,15.501683501683502,9.845117845117844
0.1,3,,1,2,149,0.6397306397306397,0.968421052631579,0.9494949494949495,1.3173594066399357,4.6274554484194885,4.74468085106383,14.626262626262626,9.8989898989899
0.1,3,,2,0,106,0.6868686868686869,1.0,0.9629629629629629,1.4870267674417088,4.291074850813169,4.70979020979021,15.168350168350168,10.632996632996633
0.1,3,,2,1,102,0.7037037037037037,1.0,0.9461279461279462,1.5257182327602743,4.683016289059436,5.249110320284697,15.414141414141413,10.447811447811448
0.1,3,,2,2,101,0.622895622895623,1.0,0.9023569023569024,1.400488640862766,4.159655348836856,6.003731343283582,15.612794612794612,10.195286195286196
0.1,3,,3,0,115,0.696969696969697,0.9903381642512077,0.9292929292929293,1.542344383941181,3.584051954189836,6.25,15.757575757575758,9.875420875420875
0.1,3,,3,1,111,0.6127946127946128,0.9835164835164835,0.9595959595959596,1.3261296220635286,5.214913602333174,4.094736842105263,14.387205387205388,10.383838383838384
0.1,3,,3,2,113,0.6498316498316499,0.9844559585492227,0.9427609427609428,1.3393879962516413,4.985888591183609,5.5,15.222222222222221,9.97979797979798
0.1,3,,4,0,160,0.6666666666666666,1.0,0.9427609427609428,1.358128296047543,4.64261588430698,5.375,14.811447811447811,9.744107744107744
0.1,3,,4,1,153,0.7003367003367004,0.9807692307692307,0.9158249158249159,1.4878665225894148,3.8649036698963526,6.0625,15.407407407407407,9.696969696969697
0.1,3,,4,2,170,0.6464646464646465,0.9791666666666666,0.9562289562289562,1.3876930110818335,3.7911430658330487,4.338028169014085,14.535353535353535,10.164983164983164
0.1,3,,5,0,142,0.6498316498316499,1.0,0.9528619528619529,1.3209483936291433,4.1781053680987466,5.519434628975265,14.97979797979798,9.72053872053872
0.1,3,,5,1,144,0.632996632996633,0.9946808510638298,0.9427609427609428,1.419612120398123,4.091542176092631,5.164285714285715,15.016835016835017,10.107744107744107
0.1,3,,5,2,142,0.6565656565656566,0.9948717948717949,0.9461279461279462,1.325853921399017,4.619705820840621,5.298932384341637,14.973063973063972,9.925925925925926
0.1,3,,6,0,129,0.6430976430976431,1.0,0.9090909090909091,1.4394202489614176,4.547355398390277,5.155555555555556,15.1010101010101,10.414141414141413
0.1,3,,6,1,112,0.7171717171717171,1.0,0.9831649831649831,1.555410779181556,4.265476069568184,5.3561643835616435,15.855218855218855,10.58922558922559
0.1,3,,6,2,112,0.6195286195286195,1.0,0.9461279461279462,1.3047639129989657,4.7247233668494255,5.259786476868327,15.11111111111111,10.134680134680135
0.1,3,,7,0,108,0.6565656565656566,1.0,0.9663299663299664,1.4020058878023103,4.239882717738056,4.508710801393728,14.653198653198654,10.296296296296296
0.1,3,,7,1,99,0.6868686868686869,0.9901960784313726,0.8821548821548821,1.5080253316320684,5.1437829610409915,5.076335877862595,14.771043771043772,10.178451178451178
0.1,3,,7,2,104,0.7676767676767676,0.9912280701754386,0.9461279461279462,1.6230095885006361,3.651037593159257,6.170818505338079,15.94949494949495,9.996632996632997
0.1,3,,8,0,116,0.6835016835016835,0.9704433497536946,0.9158249158249159,1.410718804154157,3.9723169241426253,5.705882352941177,14.808080808080808,9.390572390572391
0.1,3,,8,1,116,0.531986531986532,0.9936708860759493,0.9461279461279462,1.2335290140235668,5.301156526358233,2.8185053380782916,13.037037037037036,10.2996632996633
0.1,3,,8,2,107,0.7003367003367004,0.9759615384615384,0.9629629629629629,1.3104266958727167,3.7078913137366762,6.440559440559441,15.558922558922559,9.138047138047138
0.1,3,,9,0,91,0.6666666666666666,0.98989898989899,0.9326599326599326,1.4019097025771308,4.632471267028215,5.317689530685921,15.383838383838384,10.363636363636363
0.1,3,,9,1,89,0.7037037037037037,0.9904306220095693,0.9663299663299664,1.4099637202876918,4.2350690622468266,5.682926829268292,15.636363636363637,10.06060606060606
0.1,3,,9,2,93,0.6397306397306397,1.0,0.9831649831649831,1.412319347783095,4.3626916715534145,4.366438356164384,14.841750841750843,10.548821548821548
0.3,2,,0,0,39,0.6666666666666666,0.9949494949494949,0.9292929292929293,0.8993866329104482,4.428357895475561,6.572463768115942,19.084175084175083,12.912457912457912
0.3,2,,0,1,39,0.67003367003367,1.0,0.9831649831649831,1.0017908492404612,2.9608575857375823,5.7465753424657535,19.32323232323232,13.673400673400673
0.3,2,,1,0,56,0.3838383838383838,0.9912280701754386,0.9595959595959596,0.6447770714084033,3.088681990760347,3.1087719298245613,15.996632996632997,12.952861952861953
0.3,2,,1,1,56,0.6464646464646465,0.984375,0.9562289562289562,0.9243892978275646,4.435645673521667,5.172535211267606,17.39057239057239,12.343434343434344
0.3,2,,2,0,28,0.48148148148148145,0.986013986013986,0.9494949494949495,0.7405034984967325,5.273680532636063,4.060283687943262,17.13804713804714,13.188552188552189
0.3,2,,2,1,28,0.6464646464646465,1.0,1.0,0.947209082055436,3.3688142676201553,4.952861952861953,17.737373737373737,12.784511784511784
0.3,2,,3,0,21,0.7003367003367004,1.0,0.9461279461279462,1.067842961960372,3.3619880160917854,7.00355871886121,20.04040404040404,13.414141414141413
0.3,2,,3,1,21,0.4612794612794613,1.0,0.9730639730639731,0.7361078898003772,3.6343485281045727,4.550173010380623,18.23905723905724,13.811447811447811
0.3,2,,4,0,64,0.45454545454545453,0.9555555555555556,0.936026936026936,0.7654266019055189,3.588629167840091,3.0611510791366907,15.858585858585858,12.811447811447811
0.3,2,,4,1,64,0.5925925925925926,1.0,1.0,0.8170233140051778,3.8123293268347496,5.326599326599327,17.474747474747474,12.148148148148149
0.3,2,,5,0,66,0.37373737373737376,0.990990990990991,0.936026936026936,0.6456539234636465,3.3867563361509307,3.683453237410072,16.52861952861953,13.077441077441078
0.3,2,,5,1,66,0.6666666666666666,0.9949494949494949,0.9528619528619529,0.9300144961851855,2.6933117739728254,5.5159010600706715,18.023569023569024,12.723905723905723
0.3,2,,6,0,62,0.5993265993265994,1.0,0.9932659932659933,0.8421317172892901,4.264560807861892,3.5050847457627117,16.85185185185185,13.37037037037037
0.3,2,,6,1,62,0.4478114478114478,1.0,0.9932659932659933,0.7853241838561118,2.619010594543562,3.840677966101695,16.801346801346803,12.986531986531986
0.3,2,,7,0,65,0.3939393939393939,0.9829059829059829,0.9158249158249159,0.6959911299388533,3.5202072608435873,2.224264705882353,15.444444444444445,13.333333333333334
0.3,2,,7,1,65,0.5757575757575758,1.0,1.0,0.7788729999855746,3.6352119225732937,5.9326599326599325,17.781144781144782,11.848484848484848
0.3,2,,8,0,19,0.5454545454545454,1.0,1.0,0.7919342504491802,4.933872466217129,4.282828282828283,18.161616161616163,13.878787878787879
0.3,2,,8,1,19,0.6060606060606061,1.0,0.8787878787878788,0.8860313200068544,4.078000990269788,6.2988505747126435,18.474747474747474,12.93939393939394
0.3,2,,9,0,21,0.4882154882154882,1.0,0.8417508417508418,0.8051765700849587,2.3257992911683756,6.032,17.585858585858585,12.508417508417509
0.3,2,,9,1,21,0.6464646464646465,1.0,1.0,0.990405790903376,4.238025373795425,5.2087542087542085,18.45117845117845,13.242424242424242
0.3,3,,0,0,75,0.7306397306397306,1.0,0.9865319865319865,1.0390728902705637,3.014333233742514,7.023890784982935,19.781144781144782,12.851851851851851
0.3,3,,0,1,83,0.6094276094276094,1.0,0.9696969696969697,0.9162800394601851,5.116938483907047,5.5,18.579124579124578,13.245791245791246
0.3,3,,0,2,89,0.7441077441077442,1.0,0.9764309764309764,1.0916078252432149,2.999710025188207,7.665517241379311,20.245791245791246,12.760942760942761
0.3,3,,1,0,84,0.6868686868686869,0.9656862745098039,0.9461279461279462,1.0163908726370616,3.371601506391082,5.395017793594306,18.05723905723906,12.69023569023569
0.3,3,,1,1,92,0.632996632996633,0.9946808510638298,0.8855218855218855,1.001136238606819,3.8739178867413937,6.741444866920152,18.53872053872054,12.494949494949495
0.3,3,,1,2,86,0.6936026936026936,0.970873786407767,0.9730639730639731,0.9746162957193787,3.431899099662744,6.173010380622838,18.68013468013468,12.552188552188552
0.3,3,,2,0,95,0.6632996632996633,1.0,0.9461279461279462,1.0010924183446333,4.328007608849152,5.925266903914591,18.49158249158249,12.885521885521886
0.3,3,,2,1,86,0.7138047138047138,1.0,0.9057239057239057,1.1443699284963167,3.035236910396112,7.267657992565056,19.65993265993266,13.077441077441078
0.3,3,,2,2,89,0.7306397306397306,1.0,0.9865319865319865,1.018376012281017,3.9972050758985738,6.648464163822526,19.356902356902356,12.797979797979798
0.3,3,,3,0,94,0.5723905723905723,1.0,0.8787878787878788,0.8991369799921501,3.380828458843866,6.35632183908046,18.383838383838384,12.797979797979798
0.3,3,,3,1,101,0.7272727272727273,1.0,0.9797979797979798,1.0543714336612648,2.5145652864300008,6.29553264604811,18.98989898989899,12.821548821548822
0.3,3,,3,2,97,0.7643097643097643,1.0,0.9663299663299664,1.15506336938721,3.108781491075259,6.383275261324042,19.13804713804714,12.969696969696969
0.3,3,,4,0,96,0.6632996632996633,0.9949238578680203,0.9595959595959596,0.9397041861985078,4.206450703422554,6.059649122807017,18.478114478114477,12.63973063973064
0.3,3,,4,1,92,0.7609427609427609,1.0,0.9966329966329966,1.0598436370949837,2.9579700803622178,7.131756756756757,19.521885521885523,12.414141414141413
0.3,3,,4,2,97,0.7373737373737373,0.9954337899543378,0.9831649831649831,1.0406903210990264,3.320136582631965,6.0993150684931505,18.76094276094276,12.74074074074074
0.3,3,,5,0,117,0.7239057239057239,0.9906976744186047,0.9393939393939394,1.0520952006517819,3.0936508093243638,6.519713261648746,18.77777777777778,12.525252525252526
0.3,3,,5,1,117,0.6734006734006734,0.965,0.9427609427609428,1.0170104442718788,3.449932701067495,5.317857142857143,18.12121212121212,12.868686868686869
0.3,3,,5,2,109,0.7373737373737373,0.9771689497716894,0.9562289562289562,1.0561768112146197,3.5895677487531867,6.535211267605634,18.811447811447813,12.27946127946128
0.3,3,,6,0,124,0.6767676767676768,0.9950248756218906,0.9865319865319865,0.9718707971423703,2.639341836606252,6.242320819112628,18.4983164983165,12.2996632996633
0.3,3,,6,1,124,0.7003367003367004,0.9951923076923077,0.9831649831649831,0.9626946603843335,3.8368490147326435,6.3561643835616435,18.696969696969695,12.400673400673401
0.3,3,,6,2,133,0.7171717171717171,1.0,0.98989898989899,1.0468866356412507,3.5361526992251253,5.7517006802721085,18.27946127946128,12.585858585858587
0.3,3,,7,0,101,0.6296296296296297,0.983957219251337,0.9023569023569024,0.980971678484429,3.529330913227762,5.817164179104478,18.19191919191919,12.79124579124579
0.3,3,,7,1,103,0.6531986531986532,1.0,0.9629629629629629,0.9852698551389949,4.094021688064676,6.258741258741258,18.713804713804713,12.686868686868687
0.3,3,,7,2,91,0.835016835016835,0.9879032258064516,0.98989898989899,1.1230460673683687,2.8299760929298534,7.758503401360544,20.060606060606062,12.32996632996633
0.3,3,,8,0,113,0.7104377104377104,0.957345971563981,0.9124579124579124,1.1037498583541645,4.023718171449792,6.594095940959409,19.050505050505052,12.632996632996633
0.3,3,,8,1,110,0.6531986531986532,0.979381443298969,0.9528619528619529,1.010050891122,3.4751285389917923,5.445229681978798,18.22895622895623,12.98989898989899
0.3,3,,8,2,115,0.7744107744107744,0.9521739130434783,0.936026936026936,1.102914079196585,3.339155347253748,6.661870503597123,19.292929292929294,12.441077441077441
0.3,3,,9,0,114,0.6296296296296297,0.9572192513368984,0.9326599326599326,0.8739980105151836,3.075712103815333,6.072202166064982,17.824915824915823,11.936026936026936
0.3,3,,9,1,111,0.7878787878787878,0.9658119658119658,0.9663299663299664,1.087214805700767,3.367723511848843,7.101045296167247,18.98989898989899,11.855218855218855
0.3,3,,9,2,120,0.6127946127946128,1.0,0.9797979797979798,0.944884849114826,3.645529337316762,4.804123711340206,17.245791245791246,12.538720538720538
0.5,2,,0,0,22,0.5218855218855218,1.0,0.8451178451178452,0.5210123406784054,3.7401931805189697,4.143426294820717,19.767676767676768,16.265993265993266
0.5,2,,0,1,22,0.6902356902356902,0.9463414634146341,0.7609427609427609,0.555357919106717,3.4887129552123146,5.371681415929204,19.754208754208754,15.215488215488216
0.5,2,,1,0,7,0.5050505050505051,1.0,0.9932659932659933,0.4621757306529919,1.6019171219962476,6.48135593220339,23.437710437710436,17.0
0.5,2,,1,1,7,0.5016835016835017,1.0,1.0,0.26863410547388383,6.763928091535899,5.053872053872054,22.0,16.946127946127945
0.5,2,,2,0,65,0.7070707070707071,0.9238095238095239,0.8552188552188552,0.44826688283766014,3.9884532818548095,5.5,19.468013468013467,14.205387205387206
0.5,2,,2,1,65,0.6161616161616161,0.9781420765027322,0.9865319865319865,0.48776393311233535,3.119825674835342,2.1774744027303754,18.245791245791246,15.962962962962964
0.5,2,,3,0,4,0.6565656565656566,1.0,1.0,0.38943476131855775,3.68549356997641,3.3333333333333335,20.333333333333332,17.0
0.5,2,,3,1,4,0.6666666666666666,1.0,1.0,0.41837867815868496,4.184448997896414,3.3333333333333335,20.333333333333332,17.0
0.5,2,,4,0,51,0.4377104377104377,0.9153846153846154,0.9629629629629629,0.4007873220492339,2.9375471156856396,1.2062937062937062,17.478114478114477,16.134680134680135
0.5,2,,4,1,51,0.6767676767676768,0.9054726368159204,0.8956228956228957,0.4312936808714518,2.309042979691102,5.676691729323308,20.30976430976431,14.343434343434344
0.5,2,,5,0,27,0.6397306397306397,0.9947368421052631,0.98989898989899,0.5126502479190518,2.524474361262177,5.901360544217687,21.96969696969697,16.067340067340066
0.5,2,,5,1,27,0.5353535353535354,0.9245283018867925,0.8585858585858586,0.3893238792551714,3.405475286546796,4.23921568627451,20.377104377104377,16.117845117845118
0.5,2,,6,0,37,0.4882154882154882,0.9862068965517241,0.9427609427609428,0.3975619491075432,5.492856952429118,2.65,18.976430976430976,16.41750841750842
0.5,2,,6,1,37,0.6397306397306397,0.9947368421052631,0.9966329966329966,0.4354034294057672,2.521554740468,6.398648648648648,21.882154882154882,15.484848484848484
0.5,2,,7,0,19,0.5858585858585859,1.0,0.9797979797979798,0.5178957416252161,4.1036218857748885,3.6666666666666665,19.973063973063972,16.38047138047138
0.5,2,,7,1,19,0.5993265993265994,0.8539325842696629,0.9023569023569024,0.3847740669584689,4.908453158757355,4.347014925373134,20.154882154882156,15.356902356902356
0.5,2,,8,0,31,0.45454545454545453,1.0,0.9966329966329966,0.28915893469944903,3.5836335377759228,3.739864864864865,19.62962962962963,15.902356902356903
0.5,2,,8,1,31,0.6531986531986532,0.9690721649484536,0.9797979797979798,0.51563784919623,1.9631707925556023,5.051546391752577,21.15824915824916,15.905723905723907
0.5,2,,9,0,54,0.5622895622895623,0.8562874251497006,0.8619528619528619,0.4670456220717836,1.8641511330050518,2.29296875,18.16835016835017,15.383838383838384
0.5,2,,9,1,54,0.5420875420875421,0.9751552795031055,0.9225589225589226,0.4055283849670619,4.354410268875783,3.54014598540146,18.22895622895623,14.922558922558922
0.5,3,,0,0,46,0.7003367003367004,0.9759615384615384,0.9595959595959596,0.5297441183661131,2.7450505487261014,4.5929824561403505,20.521885521885523,15.895622895622896
0.5,3,,0,1,39,0.7070707070707071,0.9809523809523809,0.8855218855218855,0.5344183520823367,2.7429069738500482,6.026615969581749,21.087542087542086,15.56902356902357
0.5,3,,0,2,42,0.6026936026936027,0.994413407821229,0.9461279461279462,0.4409428969771556,3.40003078644862,5.473309608540926,20.656565656565657,15.447811447811448
0.5,3,,1,0,15,0.7744107744107744,0.9652173913043478,0.9730639730639731,0.5036848492131113,3.696636652643186,6.771626297577854,22.55892255892256,15.565656565656566
0.5,3,,1,1,15,0.6767676767676768,1.0,1.0,0.4860408049751407,3.33997112508309,4.760942760942761,21.087542087542086,16.326599326599325
0.5,3,,1,2,15,0.7575757575757576,0.9644444444444444,0.9730639730639731,0.6020515771804359,2.5331383450046823,5.955017301038063,22.276094276094277,16.077441077441076
0.5,3,,2,0,19,0.8585858585858586,1.0,1.0,0.6407772036789745,2.641478526761875,6.0033670033670035,22.505050505050505,16.5016835016835
0.5,3,,2,1,24,0.5353535353535354,1.0,0.8585858585858586,0.4209874359002829,5.098159208677335,4.482352941176471,20.34006734006734,16.49158249158249
0.5,3,,2,2,22,0.8282828282828283,1.0,0.9259259259259259,0.67620012743744,2.993970807596219,7.029090909090909,22.77777777777778,16.26936026936027
0.5,3,,3,0,27,0.7272727272727273,0.9722222222222222,0.9797979797979798,0.5111522260517528,5.60789669322581,5.951890034364261,21.87878787878788,15.922558922558922
0.5,3,,3,1,30,0.734006734006734,0.9678899082568807,0.9730639730639731,0.5128805073559216,3.9938583384302295,5.256055363321799,21.757575757575758,16.292929292929294
0.5,3,,3,2,29,0.8013468013468014,0.9957983193277311,0.9865319865319865,0.8081118980435844,2.581366329053304,4.382252559726963,20.52861952861953,16.154882154882156
0.5,3,,4,0,40,0.6902356902356902,0.9121951219512195,0.9393939393939394,0.47316305977483436,3.148395976360558,5.186379928315413,19.734006734006734,14.26936026936027
0.5,3,,4,1,39,0.5959595959595959,0.9830508474576272,0.9292929292929293,0.4658495706900618,2.6562208980024624,5.326086956521739,20.12121212121212,15.01010101010101
0.5,3,,4,2,41,0.7777777777777778,0.9264069264069265,0.9191919191919192,0.48353006733041876,2.102804349686892,6.413919413919414,21.037037037037038,14.11111111111111
0.5,3,,5,0,9,0.8552188552188552,0.8307086614173228,0.7104377104377104,0.7128331317906673,3.252078746664858,7.990521327014218,22.717171717171716,14.744107744107744
0.5,3,,5,1,9,0.6902356902356902,1.0,1.0,0.6008810950730052,3.104507880187136,3.508417508417508,19.962962962962962,16.454545454545453
0.5,3,,5,2,9,0.8754208754208754,0.8346153846153846,0.8552188552188552,0.534814260013538,3.864819972487573,5.110236220472441,21.424242424242426,14.986531986531986
0.5,3,,6,0,45,0.7407407407407407,0.95,0.9629629629629629,0.5528421628220339,3.6653240359543475,3.555944055944056,19.774410774410775,15.905723905723907
0.5,3,,6,1,48,0.7037037037037037,0.9952153110047847,0.9966329966329966,0.4827357337287269,2.8353437062095543,4.956081081081081,20.303030303030305,15.313131313131313
0.5,3,,6,2,48,0.8215488215488216,0.9508196721311475,0.9494949494949495,0.5342423158950727,2.296645761621188,6.975177304964539,21.966329966329965,14.696969696969697
0.5,3,,7,0,88,0.6936026936026936,0.9854368932038835,0.98989898989899,0.5992473389603616,2.7536195101934977,4.843537414965986,20.11111111111111,15.124579124579125
0.5,3,,7,1,90,0.6734006734006734,0.86,0.8047138047138047,0.5087556499949261,1.9664857326637237,4.707112970711297,19.05723905723906,14.804713804713804
0.5,3,,7,2,92,0.8282828282828283,0.8902439024390244,0.8417508417508418,0.6038741618881943,3.3194176103011888,4.996,19.902356902356903,14.882154882154882
0.5,3,,8,0,55,0.8787878787878788,0.9923371647509579,0.9259259259259259,0.6360042032605324,2.170010274879258,6.632727272727273,21.333333333333332,15.11111111111111
0.5,3,,8,1,50,0.8013468013468014,0.9789915966386554,0.9831649831649831,0.528621458014898,2.7466151304440096,6.695205479452055,21.606060606060606,14.835016835016836
0.5,3,,8,2,47,0.6801346801346801,0.9851485148514851,0.98989898989899,0.46769611078569867,3.382661585829657,4.272108843537415,19.962962962962962,15.676767676767676
0.5,3,,9,0,20,0.7205387205387206,0.9953271028037384,0.9966329966329966,0.5046425214338193,4.611300734481585,7.023648648648648,22.811447811447813,15.781144781144782
0.5,3,,9,1,18,0.8855218855218855,0.9961977186311787,0.9966329966329966,0.5699410850033234,2.407934248364963,7.114864864864865,22.612794612794612,15.47138047138047
0.5,3,,9,2,21,0.5084175084175084,1.0,0.9966329966329966,0.42074152429397305,3.102210072703453,3.8277027027027026,20.464646464646464,16.64983164983165
