alpha,n_mm,seed,policy,hC,hM,piC,piM,entrant_pnl,entrant_fill_share,incumbent_pnl_before,incumbent_pnl_after,undercut_share,alpha_hat_final
0.1,2,0,competitive,2,13,0.20055290938340295,1.1501435524769341,0.37866109940427667,1.0,1.0048899349547804,0.0,,
0.1,2,0,undercut,2,13,0.20055290938340295,1.1501435524769341,1.2574785575290426,0.6281753546035943,1.0048899349547804,0.35595931866350283,,
0.1,2,0,markout,2,13,0.20055290938340295,1.1501435524769341,1.2294658097967859,0.5908004139456875,1.0048899349547804,0.3674952689538668,0.92694,0.305
0.1,2,1,competitive,2,13,0.20055290938340295,1.1501435524769341,0.4224309699603173,1.0,1.078058817103102,0.0,,
0.1,2,1,undercut,2,13,0.20055290938340295,1.1501435524769341,0.8978371897930174,0.6012355579316285,1.078058817103102,0.29406495496028817,,
0.1,2,1,markout,2,13,0.20055290938340295,1.1501435524769341,0.9574018566982561,0.5525847289990768,1.078058817103102,0.4019579834948719,0.86886,0.305
0.1,2,2,competitive,2,13,0.20055290938340295,1.1501435524769341,0.37045852021442843,1.0,0.9720487083512641,0.0,,
0.1,2,2,undercut,2,13,0.20055290938340295,1.1501435524769341,0.9542054527333941,0.5879390658441395,0.9720487083512641,0.3437632116699174,,
0.1,2,2,markout,2,13,0.20055290938340295,1.1501435524769341,0.9411149847996964,0.5195768729169685,0.9720487083512641,0.26828688555740765,0.63826,0.395
0.1,2,3,competitive,2,13,0.20055290938340295,1.1501435524769341,0.4463645085887464,0.99548426231718,1.0322961554560388,0.00358129809239449,,
0.1,2,3,undercut,2,13,0.20055290938340295,1.1501435524769341,1.1080666037731721,0.62926083156449,1.0322961554560388,0.2897055431671385,,
0.1,2,3,markout,2,13,0.20055290938340295,1.1501435524769341,0.798843817908985,0.5293894687736894,1.0322961554560388,0.3608789890378742,0.4006,0.26
0.1,2,4,competitive,2,13,0.20055290938340295,1.1501435524769341,0.3588216259158042,1.0,1.026437276607649,0.0,,
0.1,2,4,undercut,2,13,0.20055290938340295,1.1501435524769341,1.1645952228647476,0.6472375497660124,1.026437276607649,0.31444173010164483,,
0.1,2,4,markout,2,13,0.20055290938340295,1.1501435524769341,1.034530062335804,0.5797693953815197,1.026437276607649,0.3053667259268385,0.84678,0.34
0.1,2,5,competitive,2,13,0.20055290938340295,1.1501435524769341,0.3248570670834972,0.8637679868133826,0.9824788543330095,0.008558861492312973,,
0.1,2,5,undercut,2,13,0.20055290938340295,1.1501435524769341,0.8906242473257112,0.5675916780832829,0.9824788543330095,0.3950905683969073,,
0.1,2,5,markout,2,13,0.20055290938340295,1.1501435524769341,0.9413738947932102,0.5224252753842755,0.9824788543330095,0.4053039738577069,0.81134,0.265
0.1,2,6,competitive,2,13,0.20055290938340295,1.1501435524769341,0.34208502627837895,1.0,0.9388918444322811,0.0,,
0.1,2,6,undercut,2,13,0.20055290938340295,1.1501435524769341,1.074979810520397,0.7070738941124503,0.9388918444322811,0.29006857417232706,,
0.1,2,6,markout,2,13,0.20055290938340295,1.1501435524769341,1.0957407619876414,0.6866018198933166,0.9388918444322811,0.3026156376848576,0.69236,0.345
0.1,2,7,competitive,2,13,0.20055290938340295,1.1501435524769341,0.3937551105055635,1.0,0.971505140501526,0.0,,
0.1,2,7,undercut,2,13,0.20055290938340295,1.1501435524769341,0.9100416914398365,0.563616105970103,0.971505140501526,0.3949731279610552,,
0.1,2,7,markout,2,13,0.20055290938340295,1.1501435524769341,0.604412887641482,0.3631568610947451,0.971505140501526,0.41014594985338826,0.57754,0.34
0.1,2,8,competitive,2,13,0.20055290938340295,1.1501435524769341,0.2803391013836621,0.894494490019447,0.95732875242674,0.0013941303947774242,,
0.1,2,8,undercut,2,13,0.20055290938340295,1.1501435524769341,1.017025336057499,0.5923166247338881,0.95732875242674,0.35268971964267504,,
0.1,2,8,markout,2,13,0.20055290938340295,1.1501435524769341,0.9113069370431977,0.5263471177944862,0.95732875242674,0.34783399439626117,0.74738,0.32
0.1,2,9,competitive,2,13,0.20055290938340295,1.1501435524769341,0.4105718349401183,1.0,1.0645234409568365,0.0,,
0.1,2,9,undercut,2,13,0.20055290938340295,1.1501435524769341,0.6897871095261723,0.510906432748538,1.0645234409568365,0.4251318614494666,,
0.1,2,9,markout,2,13,0.20055290938340295,1.1501435524769341,0.9539081279643283,0.5541619908904878,1.0645234409568365,0.4605234631481798,0.91072,0.315
0.3,2,0,competitive,4,14,0.05907110951717731,0.7499083460210973,0.09495995892606421,1.0,0.6346438858232449,0.0,,
0.3,2,0,undercut,4,14,0.05907110951717731,0.7499083460210973,0.4400784969530014,0.481583377817928,0.6346438858232449,0.347853372696624,,
0.3,2,0,markout,4,14,0.05907110951717731,0.7499083460210973,0.5741366530330865,0.523237553584313,0.6346438858232449,0.3192502552734617,0.94202,0.37
0.3,2,1,competitive,4,14,0.05907110951717731,0.7499083460210973,0.15200336949096827,1.0,0.7282587283691564,0.0,,
0.3,2,1,undercut,4,14,0.05907110951717731,0.7499083460210973,0.5699533722260154,0.5474443824256439,0.7282587283691564,0.21922371032103757,,
0.3,2,1,markout,4,14,0.05907110951717731,0.7499083460210973,0.7185160205704991,0.587990956412009,0.7282587283691564,0.2513925390263428,0.93558,0.415
0.3,2,2,competitive,4,14,0.05907110951717731,0.7499083460210973,0.06465998810896254,1.0,0.6410203577892424,0.0,,
0.3,2,2,undercut,4,14,0.05907110951717731,0.7499083460210973,0.6404460866821817,0.5222468655230164,0.6410203577892424,0.34917476391104735,,
0.3,2,2,markout,4,14,0.05907110951717731,0.7499083460210973,0.6437266450211991,0.5230623134665823,0.6410203577892424,0.34519418451101663,0.99796,0.355
0.3,2,3,competitive,4,14,0.05907110951717731,0.7499083460210973,0.11962450417823538,1.0,0.6858926338836258,0.0,,
0.3,2,3,undercut,4,14,0.05907110951717731,0.7499083460210973,1.0997719706726106,0.7548264530704457,0.6858926338836258,0.10221556309342747,,
0.3,2,3,markout,4,14,0.05907110951717731,0.7499083460210973,0.663651968473806,0.5350980649106714,0.6858926338836258,0.27166465884731317,0.92196,0.4
0.3,2,4,competitive,4,14,0.05907110951717731,0.7499083460210973,0.08481326825897717,0.8413058029967561,0.6769157861096445,-0.044117994228553586,,
0.3,2,4,undercut,4,14,0.05907110951717731,0.7499083460210973,0.6971017635962871,0.5761852562345848,0.6769157861096445,0.2826241740607375,,
0.3,2,4,markout,4,14,0.05907110951717731,0.7499083460210973,0.7303154813191545,0.572759952070297,0.6769157861096445,0.2647007523452104,0.95432,0.325
0.3,2,5,competitive,4,14,0.05907110951717731,0.7499083460210973,0.12925132112960466,1.0,0.6610218883143382,0.0,,
0.3,2,5,undercut,4,14,0.05907110951717731,0.7499083460210973,0.4738259831281183,0.5411951021669434,0.6610218883143382,0.25941094476313514,,
0.3,2,5,markout,4,14,0.05907110951717731,0.7499083460210973,0.9226756460158075,0.6986221964596245,0.6610218883143382,0.16999454137071698,0.94288,0.34
0.3,2,6,competitive,4,14,0.05907110951717731,0.7499083460210973,0.10348612776283035,1.0,0.6724209778703095,0.0,,
0.3,2,6,undercut,4,14,0.05907110951717731,0.7499083460210973,0.6250325311135922,0.5787562414888788,0.6724209778703095,0.23642266757005076,,
0.3,2,6,markout,4,14,0.05907110951717731,0.7499083460210973,0.8921742496475439,0.7002700270027002,0.6724209778703095,0.1519214620622672,0.94324,0.35
0.3,2,7,competitive,4,14,0.05907110951717731,0.7499083460210973,0.1276060919578215,1.0,0.5635773024924426,0.0,,
0.3,2,7,undercut,4,14,0.05907110951717731,0.7499083460210973,0.8636869752106983,0.6615671811683286,0.5635773024924426,0.16447175282937243,,
0.3,2,7,markout,4,14,0.05907110951717731,0.7499083460210973,0.8222680058722519,0.6203186892329853,0.5635773024924426,0.19775172764665072,0.93944,0.295
0.3,2,8,competitive,4,14,0.05907110951717731,0.7499083460210973,0.09530437683358824,1.0,0.6599773933582654,0.0,,
0.3,2,8,undercut,4,14,0.05907110951717731,0.7499083460210973,0.6627392575673455,0.5662208890555347,0.6599773933582654,0.26936295531658205,,
0.3,2,8,markout,4,14,0.05907110951717731,0.7499083460210973,0.5854468146618569,0.5295302808833405,0.6599773933582654,0.2608957787341653,0.82364,0.34
0.3,2,9,competitive,4,14,0.05907110951717731,0.7499083460210973,0.17993383956156242,1.0,0.6540071343509075,0.0,,
0.3,2,9,undercut,4,14,0.05907110951717731,0.7499083460210973,0.62982228211886,0.581484378215947,0.6540071343509075,0.24429473971238247,,
0.3,2,9,markout,4,14,0.05907110951717731,0.7499083460210973,0.6602844572073742,0.5489192991431129,0.6540071343509075,0.27454976085251714,0.89188,0.41
0.5,2,0,competitive,8,17,0.05541387230544681,0.3836642056924584,0.09953233121517983,1.0,0.3487357115657414,0.0,,
0.5,2,0,undercut,8,17,0.05541387230544681,0.3836642056924584,0.34353851544525676,0.483078231292517,0.3487357115657414,0.19630197560045035,,
0.5,2,0,markout,8,17,0.05541387230544681,0.3836642056924584,0.34353851544525676,0.483078231292517,0.3487357115657414,0.19630197560045035,1.0,0.48
0.5,2,1,competitive,8,17,0.05541387230544681,0.3836642056924584,0.14237764641609763,1.0,0.3451798777241077,0.0,,
0.5,2,1,undercut,8,17,0.05541387230544681,0.3836642056924584,0.3633173693215842,0.537666383460776,0.3451798777241077,0.15602196636613985,,
0.5,2,1,markout,8,17,0.05541387230544681,0.3836642056924584,0.3523630271606654,0.5413385826771654,0.3451798777241077,0.15784259111668347,0.97208,0.44
0.5,2,2,competitive,8,17,0.05541387230544681,0.3836642056924584,0.06190957119615965,0.9164948839998501,0.3098760459314309,0.003337390724768137,,
0.5,2,2,undercut,8,17,0.05541387230544681,0.3836642056924584,0.5945636764469175,0.8633312995729103,0.3098760459314309,0.04978567803235138,,
0.5,2,2,markout,8,17,0.05541387230544681,0.3836642056924584,0.5945636764469175,0.8633312995729103,0.3098760459314309,0.04978567803235138,1.0,0.41
0.5,2,3,competitive,8,17,0.05541387230544681,0.3836642056924584,0.07964664225083673,1.0,0.3571937883590319,0.0,,
0.5,2,3,undercut,8,17,0.05541387230544681,0.3836642056924584,0.14729421408521154,0.5508397093498869,0.3571937883590319,0.07259775676548993,,
0.5,2,3,markout,8,17,0.05541387230544681,0.3836642056924584,0.2682590721236448,0.5048286309411096,0.3571937883590319,0.1393490630679443,0.9528,0.52
0.5,2,4,competitive,8,17,0.05541387230544681,0.3836642056924584,0.11576279920203104,1.0,0.2922372207674233,0.0,,
0.5,2,4,undercut,8,17,0.05541387230544681,0.3836642056924584,0.37788108218777733,0.5887850467289719,0.2922372207674233,0.14338405164935847,,
0.5,2,4,markout,8,17,0.05541387230544681,0.3836642056924584,0.3606432850189793,0.5743744664083535,0.2922372207674233,0.11831888961478124,0.94702,0.46
0.5,2,5,competitive,8,17,0.05541387230544681,0.3836642056924584,0.1160436750245837,1.0,0.2760177240073999,0.0,,
0.5,2,5,undercut,8,17,0.05541387230544681,0.3836642056924584,0.15964156125722517,0.5398295482536085,0.2760177240073999,0.07295620215440048,,
0.5,2,5,markout,8,17,0.05541387230544681,0.3836642056924584,0.31572069547819764,0.5441216846960628,0.2760177240073999,0.10338514863442065,0.86628,0.52
0.5,2,6,competitive,8,17,0.05541387230544681,0.3836642056924584,0.11046807478277877,0.9892106544787023,0.311105073718965,-0.0008665943912143144,,
0.5,2,6,undercut,8,17,0.05541387230544681,0.3836642056924584,-0.012908779066416538,0.5552061495457722,0.311105073718965,0.008781354892959746,,
0.5,2,6,markout,8,17,0.05541387230544681,0.3836642056924584,0.3010806452563119,0.5466848510281158,0.311105073718965,0.07981220905120567,0.8637,0.44
0.5,2,7,competitive,8,17,0.05541387230544681,0.3836642056924584,0.10258490643375398,0.7915637931634036,0.35633332276177476,-0.1065103705939691,,
0.5,2,7,undercut,8,17,0.05541387230544681,0.3836642056924584,0.4261782084445289,0.675234097513723,0.35633332276177476,0.10329986816451944,,
0.5,2,7,markout,8,17,0.05541387230544681,0.3836642056924584,0.39534110721794197,0.665214606021781,0.35633332276177476,0.10845888006894953,0.98312,0.47
0.5,2,8,competitive,8,17,0.05541387230544681,0.3836642056924584,0.09467560641512875,0.7512715111823313,0.34945267180624584,-0.08317522046101962,,
0.5,2,8,undercut,8,17,0.05541387230544681,0.3836642056924584,0.2106140806227049,0.5442166981634927,0.34945267180624584,0.09879863769648949,,
0.5,2,8,markout,8,17,0.05541387230544681,0.3836642056924584,0.2936217509868835,0.5200138026224983,0.34945267180624584,0.12690363760903817,0.85998,0.435
0.5,2,9,competitive,8,17,0.05541387230544681,0.3836642056924584,0.10007326736818421,1.0,0.32358409024701645,0.0,,
0.5,2,9,undercut,8,17,0.05541387230544681,0.3836642056924584,0.40823184946281127,0.8569520700400652,0.32358409024701645,0.032554265498150575,,
0.5,2,9,markout,8,17,0.05541387230544681,0.3836642056924584,0.37808268066138956,0.7372399713071788,0.32358409024701645,0.08777622670863222,0.96428,0.57
