alpha,n_mm,seed,half_spread,profit,delta,hC,hM,piC,piM,change_rate,best_h_mean,best_h_std,near_monopoly,leader_switch,cliff_share
0.1,2,0,8.97417,0.471775,0.5228554192358931,2,5,0.26499441232717436,0.6604777143363937,1.0,9.6,1.8547236990991407,0.2,0.4013377926421405,0.6
0.1,2,1,8.720690000000001,0.4816375,0.5477932609852019,2,5,0.26499441232717436,0.6604777143363937,1.0,8.99,2.2113118278524175,0.22,0.4782608695652174,0.38
0.1,2,2,9.445709999999998,0.4399725,0.44244115183590393,2,5,0.26499441232717436,0.6604777143363937,1.0,9.546666666666667,0.7491031674980126,0.013333333333333334,0.4916387959866221,0.5266666666666666
0.1,2,3,8.87069,0.47420500000000004,0.5289998000167113,2,5,0.26499441232717436,0.6604777143363937,1.0,10.023333333333333,3.288787348282376,0.27666666666666667,0.29431438127090304,0.44666666666666666
0.1,2,4,9.618715,0.436475,0.4335975420495205,2,5,0.26499441232717436,0.6604777143363937,1.0,9.6,1.224744871391589,0.0,0.7391304347826086,0.37
0.1,2,5,9.134215,0.45791999999999994,0.48782233457818225,2,5,0.26499441232717436,0.6604777143363937,1.0,11.566666666666666,1.5271614918607077,0.006666666666666667,0.3311036789297659,0.9533333333333334
0.1,2,6,9.089125,0.46618,0.5087081721294411,2,5,0.26499441232717436,0.6604777143363937,1.0,7.866666666666666,1.7894754041959398,0.4866666666666667,0.38127090301003347,0.11333333333333333
0.1,2,7,8.813229999999999,0.48356000000000005,0.5526544017469809,2,5,0.26499441232717436,0.6604777143363937,1.0,8.606666666666667,1.7258685414081287,0.25,0.2842809364548495,0.27
0.1,2,8,9.417055,0.44414,0.4529788913025954,2,5,0.26499441232717436,0.6604777143363937,1.0,10.476666666666667,2.179324564069234,0.11,0.5083612040133779,0.7333333333333333
0.1,2,9,9.369035,0.44139249999999997,0.44603169533745207,2,5,0.26499441232717436,0.6604777143363937,1.0,9.45,1.8621224449536073,0.13,0.5016722408026756,0.5
0.1,3,0,8.861939999999999,0.32168499999999994,0.5500436720530738,2,5,0.17666294155144957,0.44031847622426246,1.0,8.61,1.9264561592035603,0.29333333333333333,0.5986622073578596,0.31333333333333335
0.1,3,1,7.017975,0.37995999999999996,0.7710707029186205,2,5,0.17666294155144957,0.44031847622426246,1.0,6.58,1.6462887555549501,0.69,0.2842809364548495,0.023333333333333334
0.1,3,2,8.923535,0.32111166666666663,0.5478691175380516,2,5,0.17666294155144957,0.44031847622426246,1.0,8.636666666666667,2.0342047313112044,0.21666666666666667,0.7324414715719063,0.44666666666666666
0.1,3,3,9.208240000000002,0.30879166666666663,0.5011414809826928,2,5,0.17666294155144957,0.44031847622426246,1.0,6.83,3.0079505758350926,0.6366666666666667,0.49498327759197325,0.35333333333333333
0.1,3,4,8.337965,0.3471416666666666,0.646596421071817,2,5,0.17666294155144957,0.44031847622426246,1.0,9.6,1.47648230602334,0.06333333333333334,0.6187290969899666,0.5
0.1,3,5,9.08639,0.30645833333333333,0.49229154981690515,2,5,0.17666294155144957,0.44031847622426246,1.0,9.68,1.9229144546755064,0.09666666666666666,0.6588628762541806,0.49
0.1,3,6,8.785345,0.3259316666666667,0.5661505467748073,2,5,0.17666294155144957,0.44031847622426246,1.0,8.683333333333334,1.9722378716124032,0.31666666666666665,0.6755852842809364,0.2866666666666667
0.1,3,7,8.437854999999999,0.34270333333333336,0.629762587718608,2,5,0.17666294155144957,0.44031847622426246,1.0,7.3566666666666665,1.9155823019530003,0.38,0.36454849498327757,0.09666666666666666
0.1,3,8,8.526200000000001,0.33214666666666665,0.5897229705728231,2,5,0.17666294155144957,0.44031847622426246,1.0,10.49,1.8841178307101711,0.013333333333333334,0.6822742474916388,0.73
0.1,3,9,8.98859,0.3161833333333333,0.5291767986400273,2,5,0.17666294155144957,0.44031847622426246,1.0,8.863333333333333,2.2725878543096094,0.4166666666666667,0.5585284280936454,0.36
0.3,2,0,10.76159,0.25710500000000003,0.7112858878440437,6,10,0.06635206651211967,0.3345324659097029,1.0,9.73,0.7050531894828929,1.0,0.2809364548494983,0.58
0.3,2,1,10.653690000000001,0.2698425,0.7587819018279606,6,10,0.06635206651211967,0.3345324659097029,1.0,11.5,2.0615528128088303,0.75,0.5016722408026756,1.0
0.3,2,2,10.483754999999999,0.27481,0.7773048811775273,6,10,0.06635206651211967,0.3345324659097029,1.0,11.14,1.5621779668142808,0.84,0.6622073578595318,0.83
0.3,2,3,10.770845000000001,0.25982000000000005,0.721409670216278,6,10,0.06635206651211967,0.3345324659097029,1.0,10.983333333333333,1.864507680029473,0.7533333333333333,0.5016722408026756,0.75
0.3,2,4,10.34802,0.27606,0.7819659227853699,6,10,0.06635206651211967,0.3345324659097029,1.0,11.29,1.3684175775934284,0.73,0.9899665551839465,0.9966666666666667
0.3,2,5,10.740125,0.26588,0.7440063999310992,6,10,0.06635206651211967,0.3345324659097029,1.0,11.0,0.812403840463596,1.0,0.6622073578595318,1.0
0.3,2,6,10.70651,0.2581025,0.715005399047102,6,10,0.06635206651211967,0.3345324659097029,1.0,11.346666666666666,0.9898596982513341,0.88,0.46488294314381273,1.0
0.3,2,7,11.021564999999999,0.24963999999999997,0.6834501473620074,6,10,0.06635206651211967,0.3345324659097029,1.0,11.58,1.601124604770035,0.57,0.5585284280936454,1.0
0.3,2,8,10.84601,0.2617525,0.7286156405420027,6,10,0.06635206651211967,0.3345324659097029,0.9966555183946488,11.276666666666667,1.8637208899284128,0.7166666666666667,0.24414715719063546,0.8966666666666666
0.3,2,9,10.99107,0.24838250000000003,0.6787611395045176,6,10,0.06635206651211967,0.3345324659097029,1.0,11.31,1.5298910636599807,0.8166666666666667,0.7692307692307693,0.9766666666666667
0.3,3,0,10.548380000000002,0.1882183333333333,0.805336385407093,6,10,0.044234711008079776,0.22302164393980195,1.0,10.573333333333334,1.1334117619921817,0.97,0.7993311036789298,0.82
0.3,3,1,10.2792,0.1976283333333333,0.8579688672428523,6,10,0.044234711008079776,0.22302164393980195,1.0,10.0,0.6782329983125268,1.0,0.6722408026755853,0.85
0.3,3,2,10.06808,0.1960533333333333,0.8491594986040296,6,10,0.044234711008079776,0.22302164393980195,1.0,10.07,1.0190354916946383,0.96,0.9063545150501672,0.9233333333333333
0.3,3,3,10.198784999999999,0.19361166666666663,0.8355026466930505,6,10,0.044234711008079776,0.22302164393980195,1.0,10.63,0.9762684057163789,0.95,0.8394648829431438,0.95
0.3,3,4,10.275039999999999,0.18889499999999998,0.8091211511926613,6,10,0.044234711008079776,0.22302164393980195,1.0,10.41,0.7224264668462805,1.0,0.7290969899665551,1.0
0.3,3,5,10.409345000000002,0.18994166666666665,0.8149754194521115,6,10,0.044234711008079776,0.22302164393980195,1.0,9.94,0.45796651988254927,0.9833333333333333,0.06020066889632107,0.9666666666666667
0.3,3,6,10.490314999999999,0.18873833333333329,0.8082448753703868,6,10,0.044234711008079776,0.22302164393980195,1.0,10.576666666666666,1.5929392818169674,0.8666666666666667,0.7324414715719063,0.7466666666666667
0.3,3,7,10.528220000000001,0.18550999999999995,0.7901880001816044,6,10,0.044234711008079776,0.22302164393980195,1.0,9.946666666666667,0.4514667454223203,0.9966666666666667,0.5551839464882943,0.9733333333333334
0.3,3,8,10.121125,0.195875,0.8481620356999513,6,10,0.044234711008079776,0.22302164393980195,1.0,9.91,0.8496469855181032,1.0,0.7424749163879598,0.67
0.3,3,9,10.548005000000002,0.18760166666666664,0.8018872146172894,6,10,0.044234711008079776,0.22302164393980195,1.0,10.99,1.2123943252918994,0.76,0.7391304347826086,1.0
0.5,2,0,10.984810000000001,0.191755,0.7493791267492693,9,10,0.05063240570986138,0.2389517613640735,0.959866220735786,11.133333333333333,1.359738536958076,0.89,0.46488294314381273,0.9266666666666666
0.5,2,1,11.121865000000001,0.1784975,0.6789800965808402,9,10,0.05063240570986138,0.2389517613640735,1.0,10.62,0.8096912991998865,1.0,0.782608695652174,1.0
0.5,2,2,10.682305,0.20448750000000002,0.8169903393926427,9,10,0.05063240570986138,0.2389517613640735,1.0,10.54,0.6069596362197407,0.99,0.0,1.0
0.5,2,3,10.729895,0.19441250000000002,0.7634907935546701,9,10,0.05063240570986138,0.2389517613640735,1.0,11.03,1.1786008654332476,0.83,0.6622073578595318,1.0
0.5,2,4,11.225025000000002,0.1754325,0.6627045523631344,9,10,0.05063240570986138,0.2389517613640735,0.9933110367892977,11.35,1.55161206491829,0.73,0.7224080267558528,1.0
0.5,2,5,10.50125,0.20974500000000001,0.8449083406078428,9,10,0.05063240570986138,0.2389517613640735,1.0,10.56,0.7255342858886822,1.0,0.2976588628762542,1.0
0.5,2,6,10.966035,0.18746750000000004,0.7266119502946482,9,10,0.05063240570986138,0.2389517613640735,1.0,11.5,1.1090536506409416,0.84,0.6622073578595318,1.0
0.5,2,7,10.8043,0.1961975,0.7729693731398593,9,10,0.05063240570986138,0.2389517613640735,1.0,11.44,1.9915822855207364,0.71,0.5618729096989966,1.0
0.5,2,8,10.81436,0.19765749999999999,0.7807221609238235,9,10,0.05063240570986138,0.2389517613640735,1.0,11.13,1.4467549896233292,0.84,0.6622073578595318,1.0
0.5,2,9,11.038919999999997,0.1858625,0.7180891938609065,9,10,0.05063240570986138,0.2389517613640735,1.0,11.16,0.9971960689854328,0.85,0.2809364548494983,1.0
0.5,3,0,10.520845000000001,0.14642833333333327,0.897465338615916,9,10,0.03375493713990759,0.15930117424271567,1.0,10.9,1.1561430130683086,0.9666666666666667,0.23076923076923078,0.9966666666666667
0.5,3,1,10.595785,0.13953666666666664,0.8425718840154154,9,10,0.03375493713990759,0.15930117424271567,1.0,11.03,1.3300751858447704,0.76,0.6220735785953178,1.0
0.5,3,2,10.566619999999999,0.13969499999999999,0.8438330395624645,9,10,0.03375493713990759,0.15930117424271567,1.0,10.423333333333334,0.6197759451787574,1.0,0.6454849498327759,1.0
0.5,3,3,10.549595000000002,0.136145,0.8155566046654714,9,10,0.03375493713990759,0.15930117424271567,1.0,10.58,1.0117311895953391,0.9,0.7926421404682275,1.0
0.5,3,4,10.710289999999999,0.13146499999999997,0.7782795017590131,9,10,0.03375493713990759,0.15930117424271567,1.0,10.34,0.4737087712930804,1.0,0.8193979933110368,1.0
0.5,3,5,10.55691,0.1396133333333333,0.8431825488066181,9,10,0.03375493713990759,0.15930117424271567,1.0,10.23,0.4208325082500162,1.0,0.7725752508361204,1.0
0.5,3,6,10.390995,0.13960999999999996,0.8431559981635224,9,10,0.03375493713990759,0.15930117424271567,1.0,10.01,0.2378374795247096,0.9966666666666667,0.9933110367892977,0.9966666666666667
0.5,3,7,10.629025,0.13430499999999995,0.8009006496766076,9,10,0.03375493713990759,0.15930117424271567,1.0,10.2,0.4,1.0,1.0,1.0
0.5,3,8,10.59873,0.13615166666666664,0.815609705951663,9,10,0.03375493713990759,0.15930117424271567,1.0,10.97,1.0995908329919817,0.88,0.7625418060200669,1.0
0.5,3,9,10.621310000000001,0.13532166666666662,0.8089985958208167,9,10,0.03375493713990759,0.15930117424271567,1.0,10.65,1.0331989159885913,0.88,0.6588628762541806,1.0
