alpha,n_mm,rel_t,deviator,rivals,rivals_baseline,rivals_diff
0.1,2,-5,11.0,17.1,17.1,0.0
0.1,2,-4,12.7,11.8,11.8,0.0
0.1,2,-3,15.4,14.1,14.1,0.0
0.1,2,-2,11.0,12.9,12.9,0.0
0.1,2,-1,13.5,16.7,16.7,0.0
0.1,2,0,1.0,14.3,14.3,0.0
0.1,2,1,10.9,11.4,12.8,-1.4
0.1,2,2,15.1,11.7,12.6,-0.9
0.1,2,3,14.6,13.9,13.3,0.6
0.1,2,4,14.0,15.2,15.7,-0.5
0.1,2,5,14.1,15.4,13.8,1.6
0.1,2,6,11.1,14.0,12.6,1.4
0.1,2,7,15.4,16.3,15.5,0.8
0.1,2,8,10.5,13.0,14.8,-1.8
0.1,2,9,11.5,16.8,14.0,2.8
0.1,2,10,13.1,14.9,13.5,1.4
0.1,2,11,14.1,12.3,13.3,-1.0
0.1,2,12,12.5,14.5,13.1,1.4
0.1,2,13,14.6,15.2,11.6,3.6
0.1,2,14,11.0,12.2,14.5,-2.3
0.1,2,15,14.4,10.1,14.8,-4.7
0.1,3,-5,15.3,14.9,14.9,0.0
0.1,3,-4,14.3,15.4,15.4,0.0
0.1,3,-3,10.6,12.7,12.7,0.0
0.1,3,-2,16.1,14.75,14.75,0.0
0.1,3,-1,15.0,15.55,15.55,0.0
0.1,3,0,1.0,13.7,13.7,0.0
0.1,3,1,8.3,11.2,16.85,-5.65
0.1,3,2,15.3,15.5,16.9,-1.4
0.1,3,3,14.8,14.55,17.45,-2.9
0.1,3,4,15.6,15.15,12.05,3.1
0.1,3,5,10.7,15.2,16.05,-0.85
0.1,3,6,16.8,16.3,13.9,2.4
0.1,3,7,16.6,14.8,14.55,0.25
0.1,3,8,18.3,15.2,15.8,-0.6
0.1,3,9,16.0,14.5,14.6,-0.1
0.1,3,10,15.0,14.0,14.75,-0.75
0.1,3,11,14.1,16.65,15.1,1.55
0.1,3,12,14.0,13.1,13.9,-0.8
0.1,3,13,16.6,16.1,16.8,-0.7
0.1,3,14,17.8,16.4,15.7,0.7
0.1,3,15,15.8,12.55,14.9,-2.35
0.3,2,-5,17.4,18.5,18.5,0.0
0.3,2,-4,15.2,18.0,18.0,0.0
0.3,2,-3,20.6,19.4,19.4,0.0
0.3,2,-2,17.7,19.4,19.4,0.0
0.3,2,-1,19.9,16.0,16.0,0.0
0.3,2,0,1.0,20.3,20.3,0.0
0.3,2,1,12.6,12.1,17.3,-5.2
0.3,2,2,16.2,17.1,18.9,-1.8
0.3,2,3,18.9,20.0,21.0,-1.0
0.3,2,4,16.8,17.0,18.2,-1.2
0.3,2,5,15.3,17.3,17.9,-0.6
0.3,2,6,18.3,18.6,18.2,0.4
0.3,2,7,18.7,16.4,18.8,-2.4
0.3,2,8,16.9,17.3,18.7,-1.4
0.3,2,9,19.4,18.7,20.8,-2.1
0.3,2,10,18.2,17.5,18.0,-0.5
0.3,2,11,16.1,18.2,14.8,3.4
0.3,2,12,15.1,16.1,18.9,-2.8
0.3,2,13,19.3,16.5,17.5,-1.0
0.3,2,14,15.8,16.1,18.9,-2.8
0.3,2,15,16.3,17.4,18.3,-0.9
0.3,3,-5,18.5,19.5,19.5,0.0
0.3,3,-4,19.7,16.9,16.9,0.0
0.3,3,-3,20.4,17.2,17.2,0.0
0.3,3,-2,19.9,18.9,18.9,0.0
0.3,3,-1,18.2,18.45,18.45,0.0
0.3,3,0,1.0,19.25,19.25,0.0
0.3,3,1,12.3,15.65,18.75,-3.1
0.3,3,2,16.8,16.1,19.1,-3.0
0.3,3,3,17.0,19.45,17.2,2.25
0.3,3,4,18.7,20.0,16.8,3.2
0.3,3,5,20.2,18.75,19.3,-0.55
0.3,3,6,20.1,19.95,17.75,2.2
0.3,3,7,18.3,18.65,18.05,0.6
0.3,3,8,19.6,20.65,19.0,1.65
0.3,3,9,17.4,20.65,17.3,3.35
0.3,3,10,19.9,20.9,18.3,2.6
0.3,3,11,17.2,20.05,18.55,1.5
0.3,3,12,20.0,20.5,18.75,1.75
0.3,3,13,19.3,19.3,17.4,1.9
0.3,3,14,19.2,19.3,17.6,1.7
0.3,3,15,17.0,19.95,19.35,0.6
0.5,2,-5,17.9,21.3,21.3,0.0
0.5,2,-4,21.0,18.6,18.6,0.0
0.5,2,-3,20.0,19.2,19.2,0.0
0.5,2,-2,20.4,20.8,20.8,0.0
0.5,2,-1,18.8,20.2,20.2,0.0
0.5,2,0,1.0,20.5,20.5,0.0
0.5,2,1,16.6,19.5,21.6,-2.1
0.5,2,2,19.2,17.2,20.9,-3.7
0.5,2,3,17.7,21.5,18.4,3.1
0.5,2,4,21.0,19.6,20.9,-1.3
0.5,2,5,21.2,21.9,21.6,0.3
0.5,2,6,20.9,20.0,18.9,1.1
0.5,2,7,20.3,20.8,18.0,2.8
0.5,2,8,19.2,20.5,21.1,-0.6
0.5,2,9,19.5,22.1,18.7,3.4
0.5,2,10,17.8,19.2,20.4,-1.2
0.5,2,11,19.1,19.7,21.0,-1.3
0.5,2,12,20.7,20.4,20.0,0.4
0.5,2,13,19.7,22.3,21.2,1.1
0.5,2,14,21.1,18.7,20.9,-2.2
0.5,2,15,18.3,21.4,18.8,2.6
0.5,3,-5,20.5,18.05,18.05,0.0
0.5,3,-4,18.8,19.8,19.8,0.0
0.5,3,-3,22.8,21.1,21.1,0.0
0.5,3,-2,22.0,21.0,21.0,0.0
0.5,3,-1,22.1,20.9,20.9,0.0
0.5,3,0,1.0,21.95,21.95,0.0
0.5,3,1,18.4,18.15,19.9,-1.75
0.5,3,2,17.6,19.5,20.95,-1.45
0.5,3,3,20.3,19.95,20.1,-0.15
0.5,3,4,17.2,20.65,21.3,-0.65
0.5,3,5,21.2,20.4,20.2,0.2
0.5,3,6,21.8,21.75,21.45,0.3
0.5,3,7,20.9,20.2,19.4,0.8
0.5,3,8,22.2,20.4,21.15,-0.75
0.5,3,9,21.5,20.7,21.25,-0.55
0.5,3,10,21.6,20.8,20.65,0.15
0.5,3,11,21.1,20.6,20.45,0.15
0.5,3,12,20.0,21.5,20.95,0.55
0.5,3,13,22.6,20.05,19.35,0.7
0.5,3,14,22.1,19.75,21.1,-1.35
0.5,3,15,23.3,19.9,19.75,0.15
