episode,seed,entrant_pnl,incumbent_pnl,delta_market,best_h,entrant_fill_share,epsilon,piC,piM,alpha
500,0,0.8764062867929826,0.3912197923774844,0.6622538153302246,7.29598,0.5072239102126868,0.18195919791379003,0.20055290938340295,1.1501435524769341,0.1
1000,0,0.8410582813559675,0.4023007773857343,0.6553108049307339,7.3287,0.5040365149351053,0.1103638323514327,0.20055290938340295,1.1501435524769341,0.1
1500,0,0.8480877707776928,0.4014946743263345,0.6581632357872962,7.48358,0.5072655217965654,0.06693904804452894,0.20055290938340295,1.1501435524769341,0.1
2000,0,0.8958120671248653,0.3795472864950387,0.6601796418631317,7.566,0.5240170505153328,0.04060058497098381,0.20055290938340295,1.1501435524769341,0.1
2500,0,0.914333080054203,0.40693690287895495,0.6987753495137339,7.73216,0.5193741164374759,0.024625499587169638,0.20055290938340295,1.1501435524769341,0.1
3000,0,0.9405062847650006,0.41524298857826963,0.7213036760197968,7.9792,0.5209192692987625,0.014936120510359176,0.20055290938340295,1.1501435524769341,0.1
3500,0,0.911613037769148,0.3951064563174879,0.6848846611419284,7.80932,0.5175111053885276,0.009059215026695546,0.20055290938340295,1.1501435524769341,0.1
4000,0,0.9164088058726859,0.40541480943311997,0.6982654134269418,7.87698,0.5195678892554499,0.005494691666620253,0.20055290938340295,1.1501435524769341,0.1
4500,0,0.9447693107510933,0.40667554451950777,0.7145260912652243,8.184,0.527960580707034,0.0033326989614726917,0.20055290938340295,1.1501435524769341,0.1
5000,0,0.9450126087292886,0.41131429697213623,0.7195392003099996,8.03068,0.5279005072819506,0.00202138409972564,0.20055290938340295,1.1501435524769341,0.1
5500,0,0.9575734327516158,0.40950235888370007,0.724244884759638,8.4291,0.5257340589934825,0.001226031431539219,0.20055290938340295,1.1501435524769341,0.1
6000,0,0.9371522858356411,0.4266133254187236,0.7315115876565372,8.4029,0.5193347755543537,0.0007436256529999069,0.20055290938340295,1.1501435524769341,0.1
6500,0,0.9961712031291017,0.44006932751693667,0.7767578851610835,8.60332,0.5268171955519393,0.0004510317578932713,0.20055290938340295,1.1501435524769341,0.1
7000,0,0.941518661731025,0.43120265970570654,0.7386436316419451,8.34592,0.5275590551181102,0.0002735645896663546,0.20055290938340295,1.1501435524769341,0.1
7500,0,0.9827006345642029,0.42482459943487055,0.7536110560254151,8.58766,0.5341186854970125,0.00016592531104434993,0.20055290938340295,1.1501435524769341,0.1
8000,0,0.9242600601890757,0.43437709396649404,0.7328991916036394,8.50044,0.5232767708368756,0.00010063878837075355,0.20055290938340295,1.1501435524769341,0.1
500,1,0.8757259129824939,0.3975519967084997,0.6685639211314471,7.2764,0.5083850931677019,0.18195919791379003,0.20055290938340295,1.1501435524769341,0.1
1000,1,0.8677832958801778,0.36111180647124297,0.6260071635619284,7.08866,0.5149759645014175,0.1103638323514327,0.20055290938340295,1.1501435524769341,0.1
1500,1,0.8787239011598165,0.42300437780625694,0.6969460196519398,7.30198,0.5085198174989913,0.06693904804452894,0.20055290938340295,1.1501435524769341,0.1
2000,1,0.8797383802002495,0.3971458540651359,0.6702489534947624,7.38242,0.5138684301250509,0.04060058497098381,0.20055290938340295,1.1501435524769341,0.1
2500,1,0.9219729869453596,0.4147443659188945,0.7110200115374019,7.76924,0.5141284757981462,0.024625499587169638,0.20055290938340295,1.1501435524769341,0.1
3000,1,0.9333139669975729,0.4113992136504474,0.7134687906766782,7.94928,0.519450427517786,0.014936120510359176,0.20055290938340295,1.1501435524769341,0.1
3500,1,0.9710754860795637,0.41426598365806516,0.7363707955635052,8.04712,0.5255807883059254,0.009059215026695546,0.20055290938340295,1.1501435524769341,0.1
4000,1,0.9488857560422617,0.4062816419207738,0.7162787623334946,7.8959,0.5290485273673661,0.005494691666620253,0.20055290938340295,1.1501435524769341,0.1
4500,1,0.9581516753835236,0.4044537634059971,0.7192327522198271,7.77048,0.5276759884281581,0.0033326989614726917,0.20055290938340295,1.1501435524769341,0.1
5000,1,0.9537111828377839,0.42541036686335215,0.7389637355869828,8.32216,0.5235990161536928,0.00202138409972564,0.20055290938340295,1.1501435524769341,0.1
5500,1,0.9181003585594418,0.4062611549218914,0.7000473621481685,8.29634,0.5200790434403992,0.001226031431539219,0.20055290938340295,1.1501435524769341,0.1
6000,1,0.9151711988204279,0.4174644194080216,0.710303028300161,8.34196,0.5202915023066123,0.0007436256529999069,0.20055290938340295,1.1501435524769341,0.1
6500,1,0.9802835998291922,0.41419006358639066,0.7411393101187753,8.38926,0.5301658871429052,0.0004510317578932713,0.20055290938340295,1.1501435524769341,0.1
7000,1,0.9955915993552049,0.4107962818444852,0.7456256833282059,8.3543,0.5373981568051289,0.0002735645896663546,0.20055290938340295,1.1501435524769341,0.1
7500,1,0.935382951377732,0.41222790846809354,0.7154308856291473,8.41128,0.5306683658070358,0.00016592531104434993,0.20055290938340295,1.1501435524769341,0.1
8000,1,0.9555866614959454,0.4205648200426813,0.7348484807453183,8.83926,0.5297089663286847,0.00010063878837075355,0.20055290938340295,1.1501435524769341,0.1
500,2,0.8969166700801033,0.3801650770973276,0.6614118486971167,7.39854,0.5221113594158194,0.18195919791379003,0.20055290938340295,1.1501435524769341,0.1
1000,2,0.8778200401584259,0.4175893089888518,0.6907675685890826,7.48334,0.5091333564690664,0.1103638323514327,0.20055290938340295,1.1501435524769341,0.1
1500,2,0.8925361495443667,0.3999201227144453,0.6799090669216219,7.43802,0.5152670553017173,0.06693904804452894,0.20055290938340295,1.1501435524769341,0.1
2000,2,0.8996877772090581,0.40843742963083185,0.6926441552848939,7.51394,0.5157800967167218,0.04060058497098381,0.20055290938340295,1.1501435524769341,0.1
2500,2,0.8991411607565539,0.38627620768437104,0.6690186801015803,7.55468,0.5167477812768394,0.024625499587169638,0.20055290938340295,1.1501435524769341,0.1
3000,2,0.9149653975567557,0.39468412113865087,0.6862050666493817,7.94102,0.5273661137828377,0.014936120510359176,0.20055290938340295,1.1501435524769341,0.1
3500,2,0.9400763475021685,0.37709157082168787,0.6809005963695914,7.6817,0.5281851290811229,0.009059215026695546,0.20055290938340295,1.1501435524769341,0.1
4000,2,0.8997379156308696,0.4235394501697162,0.7085742719723432,7.7103,0.5179602309172546,0.005494691666620253,0.20055290938340295,1.1501435524769341,0.1
4500,2,0.9322358185917824,0.42386007384793595,0.7260234489194713,8.36224,0.5227820959528277,0.0033326989614726917,0.20055290938340295,1.1501435524769341,0.1
5000,2,0.9362108030999957,0.3979730377619985,0.7008551893060742,7.9377,0.5338412241695004,0.00202138409972564,0.20055290938340295,1.1501435524769341,0.1
5500,2,0.9491014590506822,0.42465147802045394,0.735737344553402,8.33696,0.5207030987430261,0.001226031431539219,0.20055290938340295,1.1501435524769341,0.1
6000,2,1.0120063491348763,0.4162026789601793,0.7599621472608956,8.44056,0.531595019967113,0.0007436256529999069,0.20055290938340295,1.1501435524769341,0.1
6500,2,0.9695774759876394,0.4307267323704665,0.7529166027286371,8.11728,0.5290620871862616,0.0004510317578932713,0.20055290938340295,1.1501435524769341,0.1
7000,2,0.9282442529914686,0.43012272149996134,0.7305168218090441,8.51704,0.5261463381570475,0.0002735645896663546,0.20055290938340295,1.1501435524769341,0.1
7500,2,0.9490987386556877,0.4372333842435647,0.7489857333376782,8.55504,0.5151267653564744,0.00016592531104434993,0.20055290938340295,1.1501435524769341,0.1
8000,2,0.9604316191095079,0.46362742478893854,0.782748156130555,8.96258,0.5231610476455837,0.00010063878837075355,0.20055290938340295,1.1501435524769341,0.1
500,3,0.8481434101205797,0.37931806038681704,0.6348386649007101,7.25282,0.5101124996104585,0.18195919791379003,0.20055290938340295,1.1501435524769341,0.1
1000,3,0.8934925443377655,0.4134899095486328,0.6947027933900316,7.20174,0.5048942411610313,0.1103638323514327,0.20055290938340295,1.1501435524769341,0.1
1500,3,0.8816147552801356,0.4168838282875118,0.692022716655445,7.55444,0.5079183361953825,0.06693904804452894,0.20055290938340295,1.1501435524769341,0.1
2000,3,0.8904202887454685,0.4198798838061031,0.6998143080164912,7.70386,0.5153766969053594,0.04060058497098381,0.20055290938340295,1.1501435524769341,0.1
2500,3,0.9450398773407938,0.38344532552815525,0.6902051526960902,7.58802,0.5244737428744307,0.024625499587169638,0.20055290938340295,1.1501435524769341,0.1
3000,3,0.8949212548901342,0.4156113134853038,0.6976890898889282,7.85136,0.5178571428571429,0.014936120510359176,0.20055290938340295,1.1501435524769341,0.1
3500,3,0.9180219356437357,0.4024755100896556,0.6960194620020292,7.74678,0.5194842868654311,0.009059215026695546,0.20055290938340295,1.1501435524769341,0.1
4000,3,0.9197777244097467,0.4205079934948207,0.7159337039184885,8.16748,0.5213503167898628,0.005494691666620253,0.20055290938340295,1.1501435524769341,0.1
4500,3,0.9193642643932671,0.40724986717793255,0.7017540609080404,8.06298,0.5276692173798812,0.0033326989614726917,0.20055290938340295,1.1501435524769341,0.1
5000,3,0.8836891449875759,0.3858365156705137,0.660419501120894,7.89508,0.5143080633596245,0.00202138409972564,0.20055290938340295,1.1501435524769341,0.1
5500,3,0.9630012611499931,0.4207823543169925,0.7389816660603596,8.37392,0.5207249538513173,0.001226031431539219,0.20055290938340295,1.1501435524769341,0.1
6000,3,0.9481894624400056,0.4071980688305185,0.7168772097937238,8.175,0.52625290408231,0.0007436256529999069,0.20055290938340295,1.1501435524769341,0.1
6500,3,0.9934154393561787,0.43851757592236595,0.7736727310451077,8.64996,0.5264976564371001,0.0004510317578932713,0.20055290938340295,1.1501435524769341,0.1
7000,3,0.9510452761996171,0.4322073768489608,0.7447178536443435,8.8267,0.5256777758590917,0.0002735645896663546,0.20055290938340295,1.1501435524769341,0.1
7500,3,0.9636885320943887,0.4009173417270736,0.718423989697706,8.51688,0.5269432684165961,0.00016592531104434993,0.20055290938340295,1.1501435524769341,0.1
8000,3,0.9278264606884692,0.4421557228342127,0.7429686138193694,8.568,0.5373634180169818,0.00010063878837075355,0.20055290938340295,1.1501435524769341,0.1
500,4,0.8262478324579104,0.3945276346282507,0.639326688704541,7.29414,0.5028608948503893,0.18195919791379003,0.20055290938340295,1.1501435524769341,0.1
1000,4,0.8472752963256126,0.3693275382193719,0.6238606933497605,7.06498,0.5092703995064014,0.1103638323514327,0.20055290938340295,1.1501435524769341,0.1
1500,4,0.902548197186847,0.3963760656238684,0.6814486426759706,7.48398,0.5167114624505929,0.06693904804452894,0.20055290938340295,1.1501435524769341,0.1
2000,4,0.9025225999302008,0.4031758618597742,0.688595930464604,7.59698,0.5172194485960505,0.04060058497098381,0.20055290938340295,1.1501435524769341,0.1
2500,4,0.9153870523940129,0.4058209935227372,0.6981551631306897,7.85612,0.5159976730657359,0.024625499587169638,0.20055290938340295,1.1501435524769341,0.1
3000,4,0.90127093418817,0.43571158868664933,0.7221997724863671,7.87226,0.5179949001000613,0.014936120510359176,0.20055290938340295,1.1501435524769341,0.1
3500,4,0.9176026057447896,0.40249373489013945,0.6958178591846663,7.98698,0.523868446760013,0.009059215026695546,0.20055290938340295,1.1501435524769341,0.1
4000,4,0.9160458088562112,0.41544589157959927,0.7086378657145447,7.92716,0.5218294543447918,0.005494691666620253,0.20055290938340295,1.1501435524769341,0.1
4500,4,0.8961705946603231,0.40595265217669746,0.6881755258187503,8.00818,0.5166167079369217,0.0033326989614726917,0.20055290938340295,1.1501435524769341,0.1
5000,4,0.9644839501832644,0.44292387057726,0.7630792716373865,8.57464,0.5204720125144529,0.00202138409972564,0.20055290938340295,1.1501435524769341,0.1
5500,4,0.9343208248387627,0.40244409584061513,0.7045684408778387,8.06288,0.5268961455402134,0.001226031431539219,0.20055290938340295,1.1501435524769341,0.1
6000,4,0.9263141351193201,0.4115053897435567,0.7098948929443237,8.3681,0.5257862896487182,0.0007436256529999069,0.20055290938340295,1.1501435524769341,0.1
6500,4,0.9994445882166573,0.44114924379211473,0.7796187061250578,8.56496,0.5251689189189189,0.0004510317578932713,0.20055290938340295,1.1501435524769341,0.1
7000,4,0.9452045443129934,0.4438664095168645,0.7539204155989596,8.46946,0.5204613095238095,0.0002735645896663546,0.20055290938340295,1.1501435524769341,0.1
7500,4,1.0030544239218706,0.4331457482004418,0.7730910746828684,8.7852,0.529631164525487,0.00016592531104434993,0.20055290938340295,1.1501435524769341,0.1
8000,4,0.9588784762436524,0.4260508442809666,0.7423590134827772,8.67846,0.5251033869920366,0.00010063878837075355,0.20055290938340295,1.1501435524769341,0.1
500,0,0.5486282037969171,0.2064652220066467,0.6104306370658916,9.04302,0.5072652272473893,0.18195919791379003,0.05907110951717731,0.7499083460210973,0.3
1000,0,0.525096683448594,0.2147807621231839,0.605436378106886,9.07468,0.5177193963107881,0.1103638323514327,0.05907110951717731,0.7499083460210973,0.3
1500,0,0.5834145263138021,0.22353651855785459,0.6603185932855977,9.57114,0.5303592120509849,0.06693904804452894,0.05907110951717731,0.7499083460210973,0.3
2000,0,0.6133956269784512,0.22301866915501173,0.681268102322955,9.86964,0.5327283487867429,0.04060058497098381,0.05907110951717731,0.7499083460210973,0.3
2500,0,0.6185745500273644,0.219004713007858,0.6792061193442926,10.02846,0.5352595099935525,0.024625499587169638,0.05907110951717731,0.7499083460210973,0.3
3000,0,0.6227944841587096,0.22944088464289877,0.6973668930226268,10.2025,0.5375192043341149,0.014936120510359176,0.05907110951717731,0.7499083460210973,0.3
3500,0,0.5906954374952706,0.22402697535095048,0.6662981672945717,10.10308,0.5346736480274991,0.009059215026695546,0.05907110951717731,0.7499083460210973,0.3
4000,0,0.6140548021811489,0.2303723751795123,0.692389815542601,10.01088,0.5382611135607488,0.005494691666620253,0.05907110951717731,0.7499083460210973,0.3
4500,0,0.6429594880483569,0.24238537468915453,0.7306989005843654,10.61118,0.544140852088697,0.0033326989614726917,0.05907110951717731,0.7499083460210973,0.3
5000,0,0.6597011908254544,0.23967283452270288,0.7388894133753837,10.34802,0.5442508710801394,0.00202138409972564,0.05907110951717731,0.7499083460210973,0.3
5500,0,0.6342901461343016,0.24670652483955538,0.7306793289603818,10.7323,0.5447770673667274,0.001226031431539219,0.05907110951717731,0.7499083460210973,0.3
6000,0,0.6379094730002365,0.23830581092498151,0.7211386584039403,10.89658,0.5499295564189045,0.0007436256529999069,0.05907110951717731,0.7499083460210973,0.3
6500,0,0.6408015309137631,0.2212365291240504,0.6985237036524685,10.79436,0.5464453174502598,0.0004510317578932713,0.05907110951717731,0.7499083460210973,0.3
7000,0,0.6511328458564091,0.24251677599106264,0.7368046516687748,11.27698,0.5488685177804349,0.0002735645896663546,0.05907110951717731,0.7499083460210973,0.3
7500,0,0.67280205907435,0.23468580874284645,0.7411524766006715,10.68718,0.5507095158597662,0.00016592531104434993,0.05907110951717731,0.7499083460210973,0.3
8000,0,0.6825480759035354,0.22524832394641192,0.7345453104830184,11.3269,0.5581292547078066,0.00010063878837075355,0.05907110951717731,0.7499083460210973,0.3
500,1,0.5753312505052287,0.22904014309547008,0.6624348466606004,9.44042,0.5155656795747912,0.18195919791379003,0.05907110951717731,0.7499083460210973,0.3
1000,1,0.5577862546370796,0.20936760791173586,0.6212601218270652,9.1909,0.5170448153009564,0.1103638323514327,0.05907110951717731,0.7499083460210973,0.3
1500,1,0.5803690238984541,0.21915894292669574,0.6517777583000776,9.45464,0.5210582739872884,0.06693904804452894,0.05907110951717731,0.7499083460210973,0.3
2000,1,0.5926328345017127,0.2426903226222254,0.6947159258303545,9.87202,0.5304409504669583,0.04060058497098381,0.05907110951717731,0.7499083460210973,0.3
2500,1,0.6313510948089469,0.2426785066968327,0.7227215300536217,9.95094,0.5399818533275474,0.024625499587169638,0.05907110951717731,0.7499083460210973,0.3
3000,1,0.5890967413414889,0.21111618365602583,0.6464524799931783,9.88766,0.5280072735897537,0.014936120510359176,0.05907110951717731,0.7499083460210973,0.3
3500,1,0.6250869888762597,0.24018666512510492,0.714580836065365,10.04546,0.538409596441055,0.009059215026695546,0.05907110951717731,0.7499083460210973,0.3
4000,1,0.6220923117499083,0.24533241647675225,0.7198619827605474,10.4289,0.5287925696594428,0.005494691666620253,0.05907110951717731,0.7499083460210973,0.3
4500,1,0.6208520789148622,0.23669394377659653,0.7064599994445738,10.34248,0.5456440865050488,0.0033326989614726917,0.05907110951717731,0.7499083460210973,0.3
5000,1,0.6162748762782727,0.2104341123608881,0.6651356017058582,10.21896,0.5368519043186142,0.00202138409972564,0.05907110951717731,0.7499083460210973,0.3
5500,1,0.6634976777623917,0.2445519956628986,0.7486998350645249,10.98342,0.5463591714712791,0.001226031431539219,0.05907110951717731,0.7499083460210973,0.3
6000,1,0.6302967901026155,0.2417000431037125,0.720542122420783,10.67594,0.5488147681980281,0.0007436256529999069,0.05907110951717731,0.7499083460210973,0.3
6500,1,0.6778019184998733,0.23780682490419772,0.7492889023419337,10.98924,0.5476099100251588,0.0004510317578932713,0.05907110951717731,0.7499083460210973,0.3
7000,1,0.6298345686513455,0.24389478485804564,0.7233845155706302,11.3797,0.5457022323782739,0.0002735645896663546,0.05907110951717731,0.7499083460210973,0.3
7500,1,0.6736877002822655,0.2429654249528589,0.7537783692901151,11.3061,0.5511856308617944,0.00016592531104434993,0.05907110951717731,0.7499083460210973,0.3
8000,1,0.6456939052755072,0.24272070408333185,0.7331633566353573,11.3232,0.5509295973213499,0.00010063878837075355,0.05907110951717731,0.7499083460210973,0.3
500,2,0.5649226276747817,0.20604878620893186,0.6216210821269311,9.48438,0.5171225005745805,0.18195919791379003,0.05907110951717731,0.7499083460210973,0.3
1000,2,0.5850565089220723,0.2202714187999455,0.6567806999517892,9.14886,0.5184534270650264,0.1103638323514327,0.05907110951717731,0.7499083460210973,0.3
1500,2,0.5804725718889958,0.2383233828532439,0.679593592343803,9.68276,0.520602157212695,0.06693904804452894,0.05907110951717731,0.7499083460210973,0.3
2000,2,0.61109944723566,0.2317376377155137,0.6922270927899714,9.8201,0.5324609176037299,0.04060058497098381,0.05907110951717731,0.7499083460210973,0.3
2500,2,0.6046079873550793,0.22080084429381738,0.6716976212841225,9.73942,0.5376013859359005,0.024625499587169638,0.05907110951717731,0.7499083460210973,0.3
3000,2,0.6543705440198248,0.23670640187774564,0.7307373397027596,10.14048,0.5390062361697847,0.014936120510359176,0.05907110951717731,0.7499083460210973,0.3
3500,2,0.6150503519104403,0.2205933779014149,0.6789550701018072,10.07006,0.5301272305353285,0.009059215026695546,0.05907110951717731,0.7499083460210973,0.3
4000,2,0.6084059968086662,0.23325309417128215,0.6924713344627644,10.07094,0.5431451774212905,0.005494691666620253,0.05907110951717731,0.7499083460210973,0.3
4500,2,0.644456490352438,0.21272670229301976,0.6888508794927433,10.42666,0.5523246329526916,0.0033326989614726917,0.05907110951717731,0.7499083460210973,0.3
5000,2,0.6518618708097781,0.26937561568631624,0.7762109701667552,11.01296,0.5430631249195382,0.00202138409972564,0.05907110951717731,0.7499083460210973,0.3
5500,2,0.6651515004781642,0.24156284900399708,0.7455699584644193,10.29444,0.5492860057119543,0.001226031431539219,0.05907110951717731,0.7499083460210973,0.3
6000,2,0.6555058947148796,0.2512292843340852,0.7525812082820431,10.46162,0.5522828896090577,0.0007436256529999069,0.05907110951717731,0.7499083460210973,0.3
6500,2,0.6723471948609135,0.22770758606936758,0.7307221546674442,10.74404,0.5512219618346167,0.0004510317578932713,0.05907110951717731,0.7499083460210973,0.3
7000,2,0.6518016927112527,0.2591826542109172,0.761412910675352,11.15468,0.5472206527880394,0.0002735645896663546,0.05907110951717731,0.7499083460210973,0.3
7500,2,0.6435157055361905,0.2400117207711365,0.7276655592075949,11.2546,0.5487463964357474,0.00016592531104434993,0.05907110951717731,0.7499083460210973,0.3
8000,2,0.6730962763130297,0.21633402925200007,0.7148008703038918,11.0035,0.5586531811894883,0.00010063878837075355,0.05907110951717731,0.7499083460210973,0.3
500,3,0.5782995347520069,0.2132062235169868,0.6416632716833839,9.34164,0.5185157079981788,0.18195919791379003,0.05907110951717731,0.7499083460210973,0.3
1000,3,0.567796286164737,0.23681978963528968,0.6682425306671513,9.33616,0.5160961233280436,0.1103638323514327,0.05907110951717731,0.7499083460210973,0.3
1500,3,0.5844947401630406,0.23963063335923085,0.6843969446642457,9.53578,0.5265843179377014,0.06693904804452894,0.05907110951717731,0.7499083460210973,0.3
2000,3,0.6281299143288825,0.23079584943501394,0.7031897984258719,9.726,0.5290722614358694,0.04060058497098381,0.05907110951717731,0.7499083460210973,0.3
2500,3,0.621459584743438,0.21780757268453185,0.679561307255055,9.86248,0.5402961500493584,0.024625499587169638,0.05907110951717731,0.7499083460210973,0.3
3000,3,0.6175295761989045,0.24251452128453657,0.712480702918825,10.24984,0.5431104603871807,0.014936120510359176,0.05907110951717731,0.7499083460210973,0.3
3500,3,0.6405997613312014,0.23787477832078657,0.7224618522229554,10.32972,0.5420908459053927,0.009059215026695546,0.05907110951717731,0.7499083460210973,0.3
4000,3,0.6259352986422807,0.24963193556328814,0.7288670163690489,10.25734,0.533501999510324,0.005494691666620253,0.05907110951717731,0.7499083460210973,0.3
4500,3,0.6450300697981013,0.2346759828886605,0.7210380129353485,10.633,0.5443259456757207,0.0033326989614726917,0.05907110951717731,0.7499083460210973,0.3
5000,3,0.6532097273256298,0.22291532129692715,0.7099343369569249,10.36952,0.5472695965890456,0.00202138409972564,0.05907110951717731,0.7499083460210973,0.3
5500,3,0.6050053450280355,0.23750839502463839,0.6961697091710686,10.79808,0.5477625336581613,0.001226031431539219,0.05907110951717731,0.7499083460210973,0.3
6000,3,0.638526156967576,0.22838922475420276,0.7072305427445514,10.65354,0.5421111618446722,0.0007436256529999069,0.05907110951717731,0.7499083460210973,0.3
6500,3,0.6237764562909228,0.22187119076092443,0.687120329227527,10.81794,0.5468861846814602,0.0004510317578932713,0.05907110951717731,0.7499083460210973,0.3
7000,3,0.6576455193863846,0.24707357496860619,0.7481143138144791,11.07136,0.5483536427275084,0.0002735645896663546,0.05907110951717731,0.7499083460210973,0.3
7500,3,0.6839828123853126,0.226493851267415,0.7373866390307167,10.75744,0.5604075076090632,0.00016592531104434993,0.05907110951717731,0.7499083460210973,0.3
8000,3,0.6745515048347227,0.21614643829620586,0.7155825642782717,11.2626,0.5635714600502402,0.00010063878837075355,0.05907110951717731,0.7499083460210973,0.3
500,4,0.5517812433739645,0.2164109994837827,0.6271093808521558,9.14478,0.5083386188113271,0.18195919791379003,0.05907110951717731,0.7499083460210973,0.3
1000,4,0.5563835278658918,0.21858582246060013,0.6335884253886553,9.10192,0.517697787776528,0.1103638323514327,0.05907110951717731,0.7499083460210973,0.3
1500,4,0.5969433785790363,0.2091407755792794,0.6492721174404661,9.56478,0.5298005565862709,0.06693904804452894,0.05907110951717731,0.7499083460210973,0.3
2000,4,0.5964317283058024,0.24678269517730222,0.7033891981157979,9.90046,0.5303269003544703,0.04060058497098381,0.05907110951717731,0.7499083460210973,0.3
2500,4,0.6004961342825264,0.22782285926704296,0.6788861284672044,9.72324,0.532483184946153,0.024625499587169638,0.05907110951717731,0.7499083460210973,0.3
3000,4,0.6065966092557702,0.23536969134266408,0.6942255876079292,10.1019,0.5291277631473945,0.014936120510359176,0.05907110951717731,0.7499083460210973,0.3
3500,4,0.6128287152327798,0.22566972191836052,0.6846952437180753,10.17168,0.5396368647158952,0.009059215026695546,0.05907110951717731,0.7499083460210973,0.3
4000,4,0.63164284738037,0.23031905368876116,0.7050421461452375,10.23526,0.5431809931023355,0.005494691666620253,0.05907110951717731,0.7499083460210973,0.3
4500,4,0.6517819514852751,0.22843114954457816,0.7168852366388448,10.41038,0.547868193196274,0.0033326989614726917,0.05907110951717731,0.7499083460210973,0.3
5000,4,0.6352486319251517,0.2329838849992127,0.7115092607516418,10.34734,0.5473220836390316,0.00202138409972564,0.05907110951717731,0.7499083460210973,0.3
5500,4,0.6119539811964058,0.24670647982957325,0.7145132526564351,10.73044,0.5417316857154907,0.001226031431539219,0.05907110951717731,0.7499083460210973,0.3
6000,4,0.6262032249478984,0.22416702186107582,0.6921999851047901,10.62326,0.5386923365420677,0.0007436256529999069,0.05907110951717731,0.7499083460210973,0.3
6500,4,0.644172179831337,0.243242141569933,0.7328167840668379,11.04628,0.5474747474747474,0.0004510317578932713,0.05907110951717731,0.7499083460210973,0.3
7000,4,0.6866356590274515,0.25918083498193567,0.7866216907018164,11.55414,0.5521496992648697,0.0002735645896663546,0.05907110951717731,0.7499083460210973,0.3
7500,4,0.6400108027463263,0.21548169786250868,0.6896211792657055,10.83428,0.5511094173441734,0.00016592531104434993,0.05907110951717731,0.7499083460210973,0.3
8000,4,0.6776361160154495,0.26157432332602576,0.7835728058840696,11.21974,0.5549995610569748,0.00010063878837075355,0.05907110951717731,0.7499083460210973,0.3
500,0,0.25680538911165135,0.028219500633596767,0.30832664155941514,10.96928,0.5100991553433712,0.18195919791379003,0.05541387230544681,0.3836642056924584,0.5
1000,0,0.22776189784321302,0.04353861840098069,0.3107558001986072,11.29514,0.5159994328118354,0.1103638323514327,0.05541387230544681,0.3836642056924584,0.5
1500,0,0.2770919989398099,0.04819136839496367,0.4000711719143622,11.78512,0.5343296833382658,0.06693904804452894,0.05541387230544681,0.3836642056924584,0.5
2000,0,0.31633300533175546,0.05584045372887032,0.4831467570889496,12.36352,0.5432729129435793,0.04060058497098381,0.05541387230544681,0.3836642056924584,0.5
2500,0,0.32264301599429535,0.05350964429204375,0.48565763312048027,12.50492,0.5536188147146054,0.024625499587169638,0.05541387230544681,0.3836642056924584,0.5
3000,0,0.31035248349830874,0.07254818405175409,0.5249364158064851,13.27304,0.5627817482133041,0.014936120510359176,0.05541387230544681,0.3836642056924584,0.5
3500,0,0.3491854371413362,0.07915711662931749,0.6042216647521208,13.5585,0.5728227371304646,0.009059215026695546,0.05541387230544681,0.3836642056924584,0.5
4000,0,0.3247717207190414,0.06315180952050685,0.5182745614274898,13.49294,0.5630716038367165,0.005494691666620253,0.05541387230544681,0.3836642056924584,0.5
4500,0,0.3582738189979557,0.08029778286940109,0.6215403285589014,14.15548,0.569949419815531,0.0033326989614726917,0.05541387230544681,0.3836642056924584,0.5
5000,0,0.354728331625341,0.06972512412999626,0.583930610700194,13.34032,0.5817033642561753,0.00202138409972564,0.05541387230544681,0.3836642056924584,0.5
5500,0,0.35090285146917305,0.056002939565681954,0.5362995101280447,13.9804,0.5881287608809955,0.001226031431539219,0.05541387230544681,0.3836642056924584,0.5
6000,0,0.39089008153340604,0.046168112755495795,0.5672478053425783,13.89184,0.5882690541781451,0.0007436256529999069,0.05541387230544681,0.3836642056924584,0.5
6500,0,0.371021540736902,0.07763177714834332,0.6328361438903174,14.39306,0.598218555714969,0.0004510317578932713,0.05541387230544681,0.3836642056924584,0.5
7000,0,0.3803755678977878,0.08111908643951789,0.6577083893725226,14.94804,0.5968067651142244,0.0002735645896663546,0.05541387230544681,0.3836642056924584,0.5
7500,0,0.3658194711062269,0.0645153473385579,0.5849535889422564,14.63148,0.6113338192419825,0.00016592531104434993,0.05541387230544681,0.3836642056924584,0.5
8000,0,0.40589744810251405,0.0644502889355774,0.645803276097375,14.9941,0.6062464073577314,0.00010063878837075355,0.05541387230544681,0.3836642056924584,0.5
500,1,0.2546561385581864,0.01824916098211351,0.2746786485345503,11.00546,0.5008384319057331,0.18195919791379003,0.05541387230544681,0.3836642056924584,0.5
1000,1,0.26841297755153853,0.0502422884803658,0.39309908270086763,11.4957,0.5305292372475835,0.1103638323514327,0.05541387230544681,0.3836642056924584,0.5
1500,1,0.26555936256130463,0.044291597305118086,0.3706238620537449,11.99904,0.5449387427194216,0.06693904804452894,0.05541387230544681,0.3836642056924584,0.5
2000,1,0.3179354018659741,0.06791614683193475,0.522375632311421,12.52092,0.5538994980075558,0.04060058497098381,0.05541387230544681,0.3836642056924584,0.5
2500,1,0.35514650894588273,0.07801336761867678,0.6098173540928744,13.01842,0.5651753065175307,0.024625499587169638,0.05541387230544681,0.3836642056924584,0.5
3000,1,0.31836798899933144,0.0669849540250232,0.5201977236620795,12.8759,0.5612692636986302,0.014936120510359176,0.05541387230544681,0.3836642056924584,0.5
3500,1,0.3548405506232489,0.059964631707928685,0.5543666409610618,13.28382,0.5678016889131027,0.009059215026695546,0.05541387230544681,0.3836642056924584,0.5
4000,1,0.3393208190042442,0.0642457058510575,0.5437686573109677,13.3662,0.5811199645861,0.005494691666620253,0.05541387230544681,0.3836642056924584,0.5
4500,1,0.35545729952526184,0.05748460000018506,0.5477507839889479,13.62084,0.5748274507603389,0.0033326989614726917,0.05541387230544681,0.3836642056924584,0.5
5000,1,0.34064956187659956,0.05979744707073635,0.5322412132864639,13.72184,0.5707035755478662,0.00202138409972564,0.05541387230544681,0.3836642056924584,0.5
5500,1,0.367999730643869,0.07149047214046382,0.6095240272644556,14.16594,0.5898773187933385,0.001226031431539219,0.05541387230544681,0.3836642056924584,0.5
6000,1,0.359621117544824,0.06839484774545283,0.5873308100653601,13.9701,0.5925990778030701,0.0007436256529999069,0.05541387230544681,0.3836642056924584,0.5
6500,1,0.3868180603250023,0.061399458538880014,0.607446805425923,13.87778,0.6042280367354012,0.0004510317578932713,0.05541387230544681,0.3836642056924584,0.5
7000,1,0.3973064079188707,0.06606616727281929,0.6376398670097733,15.03004,0.5927776372375411,0.0002735645896663546,0.05541387230544681,0.3836642056924584,0.5
7500,1,0.4334611261124103,0.0562188802333749,0.6627124144536841,14.77086,0.6081547179108154,0.00016592531104434993,0.05541387230544681,0.3836642056924584,0.5
8000,1,0.36566138344230714,0.05388902744092442,0.5523401758220581,14.54964,0.5997910777927983,0.00010063878837075355,0.05541387230544681,0.3836642056924584,0.5
500,2,0.23349261800517787,0.03492137474555942,0.2932329434353293,10.9904,0.49641741686569907,0.18195919791379003,0.05541387230544681,0.3836642056924584,0.5
1000,2,0.2714377797948624,0.05277724291693303,0.40542917088834046,11.44152,0.5138400076096262,0.1103638323514327,0.05541387230544681,0.3836642056924584,0.5
1500,2,0.25608303282355854,0.06260106505957305,0.41196823098567587,11.84704,0.5363073110285006,0.06693904804452894,0.05541387230544681,0.3836642056924584,0.5
2000,2,0.3326548336205144,0.07025280710003892,0.5519152097592899,12.50376,0.5584422346019681,0.04060058497098381,0.05541387230544681,0.3836642056924584,0.5
2500,2,0.3337286174405549,0.07242700002896867,0.5601744088009967,12.66594,0.5578602042436108,0.024625499587169638,0.05541387230544681,0.3836642056924584,0.5
3000,2,0.3253053733391051,0.07996915233934625,0.5703207206882901,12.97582,0.5640347563279184,0.014936120510359176,0.05541387230544681,0.3836642056924584,0.5
3500,2,0.32876899725326175,0.07588166167911463,0.5631442505874179,13.39456,0.5664292867475242,0.009059215026695546,0.05541387230544681,0.3836642056924584,0.5
4000,2,0.32894881963814,0.07367475997240161,0.5566949334079652,13.4425,0.5694374192098016,0.005494691666620253,0.05541387230544681,0.3836642056924584,0.5
4500,2,0.36721589359343476,0.06871137181645577,0.5998636597744812,13.4976,0.5766484436014727,0.0033326989614726917,0.05541387230544681,0.3836642056924584,0.5
5000,2,0.365990177881945,0.08218706776763487,0.6390497223222645,13.88464,0.5860202671579917,0.00202138409972564,0.05541387230544681,0.3836642056924584,0.5
5500,2,0.3473383323413362,0.05961807731031245,0.541883291755316,13.83776,0.5879680857259333,0.001226031431539219,0.05541387230544681,0.3836642056924584,0.5
6000,2,0.41196281652827055,0.06532429315187079,0.6577048281502272,14.16586,0.6031307008768316,0.0007436256529999069,0.05541387230544681,0.3836642056924584,0.5
6500,2,0.3924001470748114,0.075743814545292,0.6596490353658196,14.71134,0.5909458870415344,0.0004510317578932713,0.05541387230544681,0.3836642056924584,0.5
7000,2,0.4034368182456426,0.07595742035232991,0.677111139161143,14.57918,0.6026769343601027,0.0002735645896663546,0.05541387230544681,0.3836642056924584,0.5
7500,2,0.3825922967538257,0.07058580700354997,0.6289958061720758,14.87642,0.6019150134551599,0.00016592531104434993,0.05541387230544681,0.3836642056924584,0.5
8000,2,0.38968669087703345,0.08452118542639482,0.6822556926253717,15.37172,0.6084628099173554,0.00010063878837075355,0.05541387230544681,0.3836642056924584,0.5
500,3,0.23745573591886113,0.0252163173949256,0.2697036500631087,10.90992,0.5032516258129065,0.18195919791379003,0.05541387230544681,0.3836642056924584,0.5
1000,3,0.28806163186348066,0.025322857848949547,0.34711252323666786,11.37228,0.5226713366149186,0.1103638323514327,0.05541387230544681,0.3836642056924584,0.5
1500,3,0.2958559662242605,0.04882549590883751,0.43058480781154207,11.93816,0.5377157837463521,0.06693904804452894,0.05541387230544681,0.3836642056924584,0.5
2000,3,0.3469393955516084,0.05748125117596967,0.5347658746757965,12.57424,0.5552110159247385,0.04060058497098381,0.05541387230544681,0.3836642056924584,0.5
2500,3,0.32461372593359494,0.04642394822455873,0.46707321605412244,12.68154,0.5565221976167879,0.024625499587169638,0.05541387230544681,0.3836642056924584,0.5
3000,3,0.32480913638799797,0.06378140606283456,0.5202495917956742,13.0128,0.5694041867954911,0.014936120510359176,0.05541387230544681,0.3836642056924584,0.5
3500,3,0.3145529456484662,0.06756504956922742,0.5161537791593228,13.16956,0.5602532342416735,0.009059215026695546,0.05541387230544681,0.3836642056924584,0.5
4000,3,0.32747794875023245,0.0606004585627152,0.5146241860270073,13.32488,0.5667588495575221,0.005494691666620253,0.05541387230544681,0.3836642056924584,0.5
4500,3,0.36246003717389613,0.07000946559535356,0.5965739923437451,13.68302,0.580488916747393,0.0033326989614726917,0.05541387230544681,0.3836642056924584,0.5
5000,3,0.36950290706602484,0.06996394759248453,0.6071632182778958,14.35214,0.5931522456077232,0.00202138409972564,0.05541387230544681,0.3836642056924584,0.5
5500,3,0.35901811808039275,0.05784735798333826,0.554279847458906,14.10046,0.5905215499500206,0.001226031431539219,0.05541387230544681,0.3836642056924584,0.5
6000,3,0.3554349518664272,0.05965566808636584,0.5543308055062969,14.00512,0.5915590405904059,0.0007436256529999069,0.05541387230544681,0.3836642056924584,0.5
6500,3,0.3420360949259508,0.06682364808587954,0.5557582268418392,14.64468,0.5985654367515653,0.0004510317578932713,0.05541387230544681,0.3836642056924584,0.5
7000,3,0.4017399844620377,0.05982446197394368,0.6253781368059941,15.39862,0.6069857527411201,0.0002735645896663546,0.05541387230544681,0.3836642056924584,0.5
7500,3,0.4037003529206624,0.0824829754693031,0.6973923750879747,15.14696,0.6156558533145275,0.00016592531104434993,0.05541387230544681,0.3836642056924584,0.5
8000,3,0.40687903033601003,0.0675124257845931,0.6566271126769245,15.01888,0.6176055434364173,0.00010063878837075355,0.05541387230544681,0.3836642056924584,0.5
500,4,0.2531606230725507,0.01727270430585089,0.26942590621045465,10.92908,0.4989049096550465,0.18195919791379003,0.05541387230544681,0.3836642056924584,0.5
1000,4,0.22832511123641597,0.03938717198582293,0.29896650609911374,11.26074,0.5252636099050527,0.1103638323514327,0.05541387230544681,0.3836642056924584,0.5
1500,4,0.2825278831002491,0.05762043755155411,0.43707649986474867,11.76768,0.5320112199202796,0.06693904804452894,0.05541387230544681,0.3836642056924584,0.5
2000,4,0.28896291018305714,0.05974525457105332,0.4533516716392264,12.16588,0.5430262558810138,0.04060058497098381,0.05541387230544681,0.3836642056924584,0.5
2500,4,0.34096329192977465,0.06571928226837613,0.5507597023966042,12.97454,0.5578341137843802,0.024625499587169638,0.05541387230544681,0.3836642056924584,0.5
3000,4,0.2963391478034739,0.07967944938374354,0.5253159964859208,13.2139,0.5508816538610358,0.014936120510359176,0.05541387230544681,0.3836642056924584,0.5
3500,4,0.332445978336935,0.06256416940707828,0.5281739838042739,12.99626,0.5619047619047619,0.009059215026695546,0.05541387230544681,0.3836642056924584,0.5
4000,4,0.31337938132757853,0.07323590721576258,0.5316421883671124,13.41218,0.5709325119014281,0.005494691666620253,0.05541387230544681,0.3836642056924584,0.5
4500,4,0.3403595247348821,0.07221200640450104,0.569619821973024,14.06404,0.569200325922477,0.0033326989614726917,0.05541387230544681,0.3836642056924584,0.5
5000,4,0.35700463628916246,0.06300000394634674,0.5669101623305295,14.35936,0.5807650797457728,0.00202138409972564,0.05541387230544681,0.3836642056924584,0.5
5500,4,0.33607180704427,0.0645235131499265,0.5396659998445689,14.07258,0.5858281665190433,0.001226031431539219,0.05541387230544681,0.3836642056924584,0.5
6000,4,0.3859420371679518,0.062016385709009574,0.6079918637957292,13.9843,0.5922500585343011,0.0007436256529999069,0.05541387230544681,0.3836642056924584,0.5
6500,4,0.3842485005903445,0.0595154758744762,0.5977933117065526,14.19124,0.6038059216358371,0.0004510317578932713,0.05541387230544681,0.3836642056924584,0.5
7000,4,0.3838147386964338,0.06750405488040835,0.6214694432089504,14.4446,0.6058109015442837,0.0002735645896663546,0.05541387230544681,0.3836642056924584,0.5
7500,4,0.4143846752239982,0.08002881452083155,0.7061905388960563,15.4,0.6074582924435721,0.00016592531104434993,0.05541387230544681,0.3836642056924584,0.5
8000,4,0.3560523535756738,0.05790477767710655,0.5499372393528219,14.3011,0.6010247136829415,0.00010063878837075355,0.05541387230544681,0.3836642056924584,0.5
