alpha,rho_z,mark_lag,above,h,n_inc,seed,incumbents,policy,fill_value_avg,fill_value_calm,fill_value_toxic,entrant_pnl,incumbent_pnl,entrant_fill_share,entrant_informed_share,incumbent_informed_share,entrant_rest_share,fill_rate
0.3,0.9,1,0,4,2,0,always,always,0.1548977102410154,1.1007669186214715,-2.255864166035628,0.0690351572481513,0.07600598482606943,0.32899709941109256,0.2598183275447502,0.2598244694786482,1.0,0.7584666666666666
0.3,0.9,1,0,4,2,0,always,anon,0.1548977102410154,1.1007669186214715,-2.255864166035628,0.10699615031937525,0.057025488290457456,0.1935483870967742,0.19709355131698456,0.2748773841961853,0.658,0.7584666666666666
0.3,0.9,1,0,4,2,0,always,id,0.1548977102410154,1.1007669186214715,-2.255864166035628,0.16455217285241833,0.028247477023936124,0.20567812252790718,0.16196581196581197,0.2851610047582162,0.6551333333333333,0.7584666666666666
0.3,0.9,1,0,4,2,0,always,oracle,0.1548977102410154,1.1007669186214715,-2.255864166035628,0.17268048590569907,0.024183320497295723,0.21868682429462952,0.15856109324758844,0.2881651479356508,0.6925666666666667,0.7584666666666666
0.3,0.9,1,0,4,2,1,always,always,0.15489771024101517,1.1007669186214715,-2.2558641660356265,0.06347059295760486,0.028046519526311455,0.32890945603771937,0.2641359171754712,0.26366120218579236,1.0,0.7635333333333333
0.3,0.9,1,0,4,2,1,always,anon,0.15489771024101517,1.1007669186214715,-2.2558641660356265,0.08865991562932216,0.015451858190452847,0.19374836287435607,0.20054078413699863,0.27902317522200565,0.6643333333333333,0.7635333333333333
0.3,0.9,1,0,4,2,1,always,id,0.15489771024101517,1.1007669186214715,-2.2558641660356265,0.1414897264981439,-0.010963047243958258,0.201562909281411,0.16092700888022526,0.289791678057849,0.6463,0.7635333333333333
0.3,0.9,1,0,4,2,1,always,oracle,0.15489771024101517,1.1007669186214715,-2.2558641660356265,0.16246960650734005,-0.021452987248556234,0.21610058499956344,0.16,0.2924370683893963,0.69,0.7635333333333333
0.3,0.9,1,0,4,2,2,always,always,0.15489771024101517,1.1007669186214715,-2.255864166035628,0.02101452346486962,0.012715825923172278,0.3291437549096622,0.2702201007690268,0.2674342961228207,1.0,0.7638
0.3,0.9,1,0,4,2,2,always,anon,0.15489771024101517,1.1007669186214715,-2.255864166035628,0.07028377625239796,-0.011918800470591892,0.1724709784411277,0.19913967611336034,0.28277607847273495,0.6014333333333334,0.7638
0.3,0.9,1,0,4,2,2,always,id,0.15489771024101517,1.1007669186214715,-2.255864166035628,0.12801516986587066,-0.040784497277328,0.19149864711530068,0.1577028258887876,0.29455899816474146,0.6157,0.7638
0.3,0.9,1,0,4,2,2,always,oracle,0.15489771024101517,1.1007669186214715,-2.255864166035628,0.13012827116813402,-0.04184104792845953,0.2123592563498298,0.1621454993834772,0.2969858156028369,0.6753333333333333,0.7638
0.3,0.9,1,0,4,2,3,always,always,0.15489771024101517,1.1007669186214717,-2.255864166035628,0.016234216933632625,0.08693166452051078,0.3290650763024031,0.26705756929637525,0.26176470588235295,1.0,0.7601333333333333
0.3,0.9,1,0,4,2,3,always,anon,0.15489771024101517,1.1007669186214717,-2.255864166035628,0.10196350176727559,0.04406702210368923,0.1925977898614278,0.19421675774134792,0.2800347599391701,0.6633,0.7601333333333333
0.3,0.9,1,0,4,2,3,always,id,0.15489771024101517,1.1007669186214717,-2.255864166035628,0.15223423260344598,0.018931656685604148,0.20189440449044027,0.16311902693310165,0.2889010989010989,0.6449333333333334,0.7601333333333333
0.3,0.9,1,0,4,2,3,always,oracle,0.15489771024101517,1.1007669186214717,-2.255864166035628,0.1532916605970703,0.018402942688792053,0.21518154709700052,0.15651110658243325,0.29284237581717604,0.6843333333333333,0.7601333333333333
0.3,0.9,1,0,4,2,4,always,always,0.15489771024101517,1.1007669186214715,-2.255864166035628,0.04172337457772917,0.03898228918149922,0.3289519957798488,0.27074702659361216,0.2650507697346872,1.0,0.7582666666666666
0.3,0.9,1,0,4,2,4,always,anon,0.15489771024101517,1.1007669186214715,-2.255864166035628,0.121359774863181,-0.0008359109612267315,0.18287321962370318,0.18533653846153847,0.2851839896707553,0.6354333333333333,0.7582666666666666
0.3,0.9,1,0,4,2,4,always,id,0.15489771024101517,1.1007669186214715,-2.255864166035628,0.10054460579149752,0.009571673574614923,0.19702831018111483,0.1713520749665328,0.29037556115186686,0.6275,0.7582666666666666
0.3,0.9,1,0,4,2,4,always,oracle,0.15489771024101517,1.1007669186214715,-2.255864166035628,0.1376943341963892,-0.009003190627830731,0.2114471601899068,0.16382536382536383,0.29457018619690045,0.6705333333333333,0.7582666666666666
0.3,0.9,1,1,5,2,0,always,always,0.5785373492554884,1.5683452152136854,-1.9908858745206461,0.17331941674017126,0.16405158916291607,0.3287690636951697,0.24931782277753842,0.253939223410242,1.0,0.7059666666666666
0.3,0.9,1,1,5,2,0,always,anon,0.5785373492554884,1.5683452152136854,-1.9908858745206461,0.18401617780608867,0.1587032086299574,0.23443033193257473,0.19959718026183282,0.26859504132231404,0.7751666666666667,0.7059666666666666
0.3,0.9,1,1,5,2,0,always,id,0.5785373492554884,1.5683452152136854,-1.9908858745206461,0.23242148944848728,0.13450055280875817,0.2239482506256197,0.1621336706725701,0.2784740812849842,0.7061,0.7059666666666666
0.3,0.9,1,1,5,2,0,always,oracle,0.5785373492554884,1.5683452152136854,-1.9908858745206461,0.23480020633343532,0.13331119436628439,0.2263090797488078,0.16127686209054873,0.2790797021847919,0.7142666666666667,0.7059666666666666
0.3,0.9,1,1,5,2,1,always,always,0.5785373492554875,1.5683452152136854,-1.9908858745206441,0.1635686766255343,0.12433671081682846,0.3287581084892357,0.25107234772662285,0.2590336134453782,1.0,0.7091333333333333
0.3,0.9,1,1,5,2,1,always,anon,0.5785373492554875,1.5683452152136854,-1.9908858745206441,0.18248557020913378,0.11487826402502876,0.23714393155965027,0.20614469772051536,0.2720438720808429,0.7778,0.7091333333333333
0.3,0.9,1,1,5,2,1,always,id,0.5785373492554875,1.5683452152136854,-1.9908858745206441,0.22237409151666443,0.09493400337126372,0.2211149760270753,0.1560374149659864,0.2849124924562462,0.6985666666666667,0.7091333333333333
0.3,0.9,1,1,5,2,1,always,oracle,0.5785373492554875,1.5683452152136854,-1.9908858745206441,0.23338979942922922,0.08942614941498139,0.2252044749459434,0.1548737215612607,0.285930959170054,0.7105333333333334,0.7091333333333333
0.3,0.9,1,1,5,2,2,always,always,0.5785373492554875,1.5683452152136854,-1.9908858745206461,0.1149492430835482,0.110392605734557,0.3289923642666417,0.26071479424747257,0.261798380340687,1.0,0.7115666666666667
0.3,0.9,1,1,5,2,2,always,anon,0.5785373492554875,1.5683452152136854,-1.9908858745206461,0.12002624261791298,0.10785410596737488,0.2188129479552162,0.21258831085420682,0.2751259294794915,0.7301,0.7115666666666667
0.3,0.9,1,1,5,2,2,always,id,0.5785373492554875,1.5683452152136854,-1.9908858745206461,0.17721469349762883,0.07925988052751681,0.21267625427460532,0.1605726872246696,0.28868923662759566,0.6728333333333333,0.7115666666666667
0.3,0.9,1,1,5,2,2,always,oracle,0.5785373492554875,1.5683452152136854,-1.9908858745206461,0.17604908495326851,0.07984268479969717,0.22218578723005575,0.16656124815517606,0.28854492893278727,0.7012,0.7115666666666667
0.3,0.9,1,1,5,2,3,always,always,0.5785373492554875,1.5683452152136859,-1.9908858745206448,0.13890618139565775,0.17206300733787186,0.3282830659201054,0.2544073383975921,0.2563743345474923,1.0,0.7084333333333334
0.3,0.9,1,1,5,2,3,always,anon,0.5785373492554875,1.5683452152136859,-1.9908858745206448,0.15538190396998872,0.1638251460507069,0.23643720886463088,0.21353233830845772,0.2687946758688686,0.7771666666666667,0.7084333333333334
0.3,0.9,1,1,5,2,3,always,id,0.5785373492554875,1.5683452152136859,-1.9908858745206448,0.22945230723094256,0.12678994442022992,0.21935726720933515,0.16366366366366367,0.2815984569947562,0.6955,0.7084333333333334
0.3,0.9,1,1,5,2,3,always,oracle,0.5785373492554875,1.5683452152136859,-1.9908858745206448,0.23340844355909413,0.12481187625615445,0.22481532019009082,0.15885307660108833,0.2838239757207891,0.7083333333333334,0.7084333333333334
0.3,0.9,1,1,5,2,4,always,always,0.5785373492554875,1.5683452152136854,-1.9908858745206461,0.13801908445463396,0.13840038387850528,0.3287994710494002,0.26113185866130423,0.25717703349282295,1.0,0.7058
0.3,0.9,1,1,5,2,4,always,anon,0.5785373492554875,1.5683452152136854,-1.9908858745206461,0.13492785463016885,0.13994599879073802,0.23184093699820535,0.21531880220004074,0.27150322778973257,0.7621666666666667,0.7058
0.3,0.9,1,1,5,2,4,always,id,0.5785373492554875,1.5683452152136854,-1.9908858745206461,0.19591019311503954,0.10945482954830257,0.21790875602153584,0.1623320329432163,0.2852657004830918,0.6865,0.7058
0.3,0.9,1,1,5,2,4,always,oracle,0.5785373492554875,1.5683452152136854,-1.9908858745206461,0.1803442875531803,0.11723778232923235,0.22178143005572873,0.1629045996592845,0.2857142857142857,0.6987,0.7058
0.3,0.9,5,0,4,2,0,always,always,0.1548977102410154,1.1007669186214715,-2.255864166035628,0.0690351572481513,0.07600598482606943,0.32899709941109256,0.2598183275447502,0.2598244694786482,1.0,0.7584666666666666
0.3,0.9,5,0,4,2,0,always,anon,0.1548977102410154,1.1007669186214715,-2.255864166035628,0.10069468852786725,0.06017621918621153,0.19306495561220005,0.21625312997951285,0.2702467185883122,0.6480333333333334,0.7584666666666666
0.3,0.9,5,0,4,2,0,always,id,0.1548977102410154,1.1007669186214715,-2.255864166035628,0.17080347742630592,0.025121824736992173,0.20506284609299463,0.16502357479639948,0.2842768686421937,0.6530666666666667,0.7584666666666666
0.3,0.9,5,0,4,2,0,always,oracle,0.1548977102410154,1.1007669186214715,-2.255864166035628,0.17268048590569907,0.024183320497295723,0.21868682429462952,0.15856109324758844,0.2881651479356508,0.6925666666666667,0.7584666666666666
0.3,0.9,5,0,4,2,1,always,always,0.15489771024101517,1.1007669186214715,-2.2558641660356265,0.06347059295760486,0.028046519526311455,0.32890945603771937,0.2641359171754712,0.26366120218579236,1.0,0.7635333333333333
0.3,0.9,5,0,4,2,1,always,anon,0.15489771024101517,1.1007669186214715,-2.2558641660356265,0.07831390077809319,0.020624865616067356,0.1944468698157688,0.21755725190839695,0.2749837415998266,0.6568,0.7635333333333333
0.3,0.9,5,0,4,2,1,always,id,0.15489771024101517,1.1007669186214715,-2.2558641660356265,0.14188094175393687,-0.0111586548718547,0.20125731249454293,0.16073752711496747,0.28979011805859206,0.6449666666666667,0.7635333333333333
0.3,0.9,5,0,4,2,1,always,oracle,0.15489771024101517,1.1007669186214715,-2.2558641660356265,0.16246960650734005,-0.021452987248556234,0.21610058499956344,0.16,0.2924370683893963,0.69,0.7635333333333333
0.3,0.9,5,0,4,2,2,always,always,0.15489771024101517,1.1007669186214715,-2.255864166035628,0.02101452346486962,0.012715825923172278,0.3291437549096622,0.2702201007690268,0.2674342961228207,1.0,0.7638
0.3,0.9,5,0,4,2,2,always,anon,0.15489771024101517,1.1007669186214715,-2.255864166035628,0.08103667741333635,-0.017295251051061042,0.16609932792179455,0.21755123489227535,0.27846975088967973,0.5739333333333333,0.7638
0.3,0.9,5,0,4,2,2,always,id,0.15489771024101517,1.1007669186214715,-2.255864166035628,0.12183699057969802,-0.037695407634241784,0.1897966308806843,0.15796734881581972,0.2942095340694856,0.6115,0.7638
0.3,0.9,5,0,4,2,2,always,oracle,0.15489771024101517,1.1007669186214715,-2.255864166035628,0.13012827116813402,-0.04184104792845953,0.2123592563498298,0.1621454993834772,0.2969858156028369,0.6753333333333333,0.7638
0.3,0.9,5,0,4,2,3,always,always,0.15489771024101517,1.1007669186214717,-2.255864166035628,0.016234216933632625,0.08693166452051078,0.3290650763024031,0.26705756929637525,0.26176470588235295,1.0,0.7601333333333333
0.3,0.9,5,0,4,2,3,always,anon,0.15489771024101517,1.1007669186214717,-2.255864166035628,0.08157234342634989,0.054262601274152444,0.19636905805998947,0.2286735149620366,0.2720178980683182,0.6626,0.7601333333333333
0.3,0.9,5,0,4,2,3,always,id,0.15489771024101517,1.1007669186214717,-2.255864166035628,0.14320694231190625,0.023445301831373968,0.20110506928609015,0.16681203663323158,0.28784718410363375,0.6435,0.7601333333333333
0.3,0.9,5,0,4,2,3,always,oracle,0.15489771024101517,1.1007669186214717,-2.255864166035628,0.1532916605970703,0.018402942688792053,0.21518154709700052,0.15651110658243325,0.29284237581717604,0.6843333333333333,0.7601333333333333
0.3,0.9,5,0,4,2,4,always,always,0.15489771024101517,1.1007669186214715,-2.255864166035628,0.04172337457772917,0.03898228918149922,0.3289519957798488,0.27074702659361216,0.2650507697346872,1.0,0.7582666666666666
0.3,0.9,5,0,4,2,4,always,anon,0.15489771024101517,1.1007669186214715,-2.255864166035628,0.08480812954301023,0.01743991169885871,0.1823457007209425,0.21673095467695275,0.2781182795698925,0.619,0.7582666666666666
0.3,0.9,5,0,4,2,4,always,id,0.15489771024101517,1.1007669186214715,-2.255864166035628,0.10624335708505299,0.006722297927837246,0.19614911200984703,0.1716718960107575,0.29016734113529474,0.6243333333333333,0.7582666666666666
0.3,0.9,5,0,4,2,4,always,oracle,0.15489771024101517,1.1007669186214715,-2.255864166035628,0.1376943341963892,-0.009003190627830731,0.2114471601899068,0.16382536382536383,0.29457018619690045,0.6705333333333333,0.7582666666666666
0.3,0.9,5,1,5,2,0,always,always,0.5785373492554884,1.5683452152136854,-1.9908858745206461,0.17331941674017126,0.16405158916291607,0.3287690636951697,0.24931782277753842,0.253939223410242,1.0,0.7059666666666666
0.3,0.9,5,1,5,2,0,always,anon,0.5785373492554884,1.5683452152136854,-1.9908858745206461,0.18933875868109068,0.15604191819245622,0.25119221870721,0.2204887218045113,0.26313134497761526,0.8096666666666666,0.7059666666666666
0.3,0.9,5,1,5,2,0,always,id,0.5785373492554884,1.5683452152136854,-1.9908858745206461,0.23240348505148808,0.1345095550072577,0.22390103404315595,0.16237874314635176,0.27839630102816815,0.706,0.7059666666666666
0.3,0.9,5,1,5,2,0,always,oracle,0.5785373492554884,1.5683452152136854,-1.9908858745206461,0.23480020633343532,0.13331119436628439,0.2263090797488078,0.16127686209054873,0.2790797021847919,0.7142666666666667,0.7059666666666666
0.3,0.9,5,1,5,2,1,always,always,0.5785373492554875,1.5683452152136854,-1.9908858745206441,0.1635686766255343,0.12433671081682846,0.3287581084892357,0.25107234772662285,0.2590336134453782,1.0,0.7091333333333333
0.3,0.9,5,1,5,2,1,always,anon,0.5785373492554875,1.5683452152136854,-1.9908858745206441,0.1439459105219806,0.13414809386860524,0.253078875622826,0.22436849925705796,0.26727501573316553,0.8154666666666667,0.7091333333333333
0.3,0.9,5,1,5,2,1,always,id,0.5785373492554875,1.5683452152136854,-1.9908858745206441,0.22391054530538249,0.0941657764769046,0.2211149760270753,0.15539965986394558,0.2850935425467713,0.6993,0.7091333333333333
0.3,0.9,5,1,5,2,1,always,oracle,0.5785373492554875,1.5683452152136854,-1.9908858745206441,0.23338979942922922,0.08942614941498139,0.2252044749459434,0.1548737215612607,0.285930959170054,0.7105333333333334,0.7091333333333333
0.3,0.9,5,1,5,2,2,always,always,0.5785373492554875,1.5683452152136854,-1.9908858745206461,0.1149492430835482,0.110392605734557,0.3289923642666417,0.26071479424747257,0.261798380340687,1.0,0.7115666666666667
0.3,0.9,5,1,5,2,2,always,anon,0.5785373492554875,1.5683452152136854,-1.9908858745206461,0.11516909299802038,0.11028268077732084,0.23103949032650958,0.23438767234387672,0.2695705147730734,0.7540666666666667,0.7115666666666667
0.3,0.9,5,1,5,2,2,always,id,0.5785373492554875,1.5683452152136854,-1.9908858745206461,0.17385415246448732,0.08094015104408744,0.21150512952639716,0.16256921373200442,0.2879634030418251,0.6701333333333334,0.7115666666666667
0.3,0.9,5,1,5,2,2,always,oracle,0.5785373492554875,1.5683452152136854,-1.9908858745206461,0.17604908495326851,0.07984268479969717,0.22218578723005575,0.16656124815517606,0.28854492893278727,0.7012,0.7115666666666667
0.3,0.9,5,1,5,2,3,always,always,0.5785373492554875,1.5683452152136859,-1.9908858745206448,0.13890618139565775,0.17206300733787186,0.3282830659201054,0.2544073383975921,0.2563743345474923,1.0,0.7084333333333334
0.3,0.9,5,1,5,2,3,always,anon,0.5785373492554875,1.5683452152136859,-1.9908858745206448,0.13890987477028177,0.17206116065056043,0.25506987248858987,0.23538092602840804,0.2626958059626074,0.8231333333333334,0.7084333333333334
0.3,0.9,5,1,5,2,3,always,id,0.5785373492554875,1.5683452152136859,-1.9908858745206448,0.22393607778753896,0.12954805914193185,0.2194984237519409,0.16248660235798498,0.2819508078128768,0.696,0.7084333333333334
0.3,0.9,5,1,5,2,3,always,oracle,0.5785373492554875,1.5683452152136859,-1.9908858745206448,0.23340844355909413,0.12481187625615445,0.22481532019009082,0.15885307660108833,0.2838239757207891,0.7083333333333334,0.7084333333333334
0.3,0.9,5,1,5,2,4,always,always,0.5785373492554875,1.5683452152136854,-1.9908858745206461,0.13801908445463396,0.13840038387850528,0.3287994710494002,0.26113185866130423,0.25717703349282295,1.0,0.7058
0.3,0.9,5,1,5,2,4,always,anon,0.5785373492554875,1.5683452152136854,-1.9908858745206461,0.13206711709431487,0.14137636755866456,0.24756777179559838,0.2361694009919878,0.265817223198594,0.7977333333333333,0.7058
0.3,0.9,5,1,5,2,4,always,id,0.5785373492554875,1.5683452152136854,-1.9908858745206461,0.19996858075861484,0.10742563572651494,0.21800321148578444,0.1611785095320624,0.2856021258606112,0.6857,0.7058
0.3,0.9,5,1,5,2,4,always,oracle,0.5785373492554875,1.5683452152136854,-1.9908858745206461,0.1803442875531803,0.11723778232923235,0.22178143005572873,0.1629045996592845,0.2857142857142857,0.6987,0.7058
0.3,0.9,20,0,4,2,0,always,always,0.1548977102410154,1.1007669186214715,-2.255864166035628,0.0690351572481513,0.07600598482606943,0.32899709941109256,0.2598183275447502,0.2598244694786482,1.0,0.7584666666666666
0.3,0.9,20,0,4,2,0,always,anon,0.1548977102410154,1.1007669186214715,-2.255864166035628,0.06020913731158128,0.08041899479435435,0.22409246725850399,0.2502451461070798,0.26258850184083826,0.7394333333333334,0.7584666666666666
0.3,0.9,20,0,4,2,0,always,id,0.1548977102410154,1.1007669186214715,-2.255864166035628,0.1728025800821168,0.024122273409086688,0.20378834490639008,0.16778089281863273,0.28338025059336536,0.6483,0.7584666666666666
0.3,0.9,20,0,4,2,0,always,oracle,0.1548977102410154,1.1007669186214715,-2.255864166035628,0.17268048590569907,0.024183320497295723,0.21868682429462952,0.15856109324758844,0.2881651479356508,0.6925666666666667,0.7584666666666666
0.3,0.9,20,0,4,2,1,always,always,0.15489771024101517,1.1007669186214715,-2.2558641660356265,0.06347059295760486,0.028046519526311455,0.32890945603771937,0.2641359171754712,0.26366120218579236,1.0,0.7635333333333333
0.3,0.9,20,0,4,2,1,always,anon,0.15489771024101517,1.1007669186214715,-2.2558641660356265,0.056196716971295815,0.031683457519466,0.2265345324369161,0.26055116592792443,0.26477394592764014,0.7438333333333333,0.7635333333333333
0.3,0.9,20,0,4,2,1,always,id,0.15489771024101517,1.1007669186214715,-2.2558641660356265,0.15872966020400292,-0.01958301409688769,0.1983759713612154,0.15558978873239437,0.29060015248883564,0.6370666666666667,0.7635333333333333
0.3,0.9,20,0,4,2,1,always,oracle,0.15489771024101517,1.1007669186214715,-2.2558641660356265,0.16246960650734005,-0.021452987248556234,0.21610058499956344,0.16,0.2924370683893963,0.69,0.7635333333333333
0.3,0.9,20,0,4,2,2,always,always,0.15489771024101517,1.1007669186214715,-2.255864166035628,0.02101452346486962,0.012715825923172278,0.3291437549096622,0.2702201007690268,0.2674342961228207,1.0,0.7638
0.3,0.9,20,0,4,2,2,always,anon,0.15489771024101517,1.1007669186214715,-2.255864166035628,0.03782993800293317,0.004308118654140476,0.1743912018853103,0.23823823823823823,0.2747119145787081,0.5904666666666667,0.7638
0.3,0.9,20,0,4,2,2,always,id,0.15489771024101517,1.1007669186214715,-2.255864166035628,0.1379852137293033,-0.045769519209044485,0.18940385790346512,0.15368663594470047,0.29514374932701626,0.6081,0.7638
0.3,0.9,20,0,4,2,2,always,oracle,0.15489771024101517,1.1007669186214715,-2.255864166035628,0.13012827116813402,-0.04184104792845953,0.2123592563498298,0.1621454993834772,0.2969858156028369,0.6753333333333333,0.7638
0.3,0.9,20,0,4,2,3,always,always,0.15489771024101517,1.1007669186214717,-2.255864166035628,0.016234216933632625,0.08693166452051078,0.3290650763024031,0.26705756929637525,0.26176470588235295,1.0,0.7601333333333333
0.3,0.9,20,0,4,2,3,always,anon,0.15489771024101517,1.1007669186214717,-2.255864166035628,0.025939796329190596,0.08207887482273166,0.23022276793544993,0.255047619047619,0.2660362310584482,0.7525333333333334,0.7601333333333333
0.3,0.9,20,0,4,2,3,always,id,0.15489771024101517,1.1007669186214717,-2.255864166035628,0.1513528242158236,0.019372360879415365,0.19737765304332575,0.16396356365252165,0.2879855761350598,0.6342,0.7601333333333333
0.3,0.9,20,0,4,2,3,always,oracle,0.15489771024101517,1.1007669186214717,-2.255864166035628,0.1532916605970703,0.018402942688792053,0.21518154709700052,0.15651110658243325,0.29284237581717604,0.6843333333333333,0.7601333333333333
0.3,0.9,20,0,4,2,4,always,always,0.15489771024101517,1.1007669186214715,-2.255864166035628,0.04172337457772917,0.03898228918149922,0.3289519957798488,0.27074702659361216,0.2650507697346872,1.0,0.7582666666666666
0.3,0.9,20,0,4,2,4,always,anon,0.15489771024101517,1.1007669186214715,-2.255864166035628,0.058140944414086175,0.03077350426332062,0.2142166344294004,0.2524112456392366,0.2708811188811189,0.6997,0.7582666666666666
0.3,0.9,20,0,4,2,4,always,id,0.15489771024101517,1.1007669186214715,-2.255864166035628,0.10749578540925074,0.006096083765738386,0.19434675575874802,0.16964487672472292,0.29039122605991163,0.6193,0.7582666666666666
0.3,0.9,20,0,4,2,4,always,oracle,0.15489771024101517,1.1007669186214715,-2.255864166035628,0.1376943341963892,-0.009003190627830731,0.2114471601899068,0.16382536382536383,0.29457018619690045,0.6705333333333333,0.7582666666666666
0.3,0.9,20,1,5,2,0,always,always,0.5785373492554884,1.5683452152136854,-1.9908858745206461,0.17331941674017126,0.16405158916291607,0.3287690636951697,0.24931782277753842,0.253939223410242,1.0,0.7059666666666666
0.3,0.9,20,1,5,2,0,always,anon,0.5785373492554884,1.5683452152136854,-1.9908858745206461,0.14501612640506337,0.17820323433047022,0.31144057793096935,0.24893875075803518,0.25399437701433175,0.9629333333333333,0.7059666666666666
0.3,0.9,20,1,5,2,0,always,id,0.5785373492554884,1.5683452152136854,-1.9908858745206461,0.23616526824428832,0.13262866341085766,0.2241843335379385,0.16133108677337826,0.27874140344470816,0.7071,0.7059666666666666
0.3,0.9,20,1,5,2,0,always,oracle,0.5785373492554884,1.5683452152136854,-1.9908858745206461,0.23480020633343532,0.13331119436628439,0.2263090797488078,0.16127686209054873,0.2790797021847919,0.7142666666666667,0.7059666666666666
0.3,0.9,20,1,5,2,1,always,always,0.5785373492554875,1.5683452152136854,-1.9908858745206441,0.1635686766255343,0.12433671081682846,0.3287581084892357,0.25107234772662285,0.2590336134453782,1.0,0.7091333333333333
0.3,0.9,20,1,5,2,1,always,anon,0.5785373492554875,1.5683452152136854,-1.9908858745206441,0.15260593641657832,0.12981808092130626,0.31277615869136033,0.24616771866546439,0.26108071135430916,0.9640333333333333,0.7091333333333333
0.3,0.9,20,1,5,2,1,always,id,0.5785373492554875,1.5683452152136854,-1.9908858745206441,0.22929849150009338,0.09147180337954909,0.2188587007614929,0.15335051546391754,0.2852930557227103,0.6935333333333333,0.7091333333333333
0.3,0.9,20,1,5,2,1,always,oracle,0.5785373492554875,1.5683452152136854,-1.9908858745206441,0.23338979942922922,0.08942614941498139,0.2252044749459434,0.1548737215612607,0.285930959170054,0.7105333333333334,0.7091333333333333
0.3,0.9,20,1,5,2,2,always,always,0.5785373492554875,1.5683452152136854,-1.9908858745206461,0.1149492430835482,0.110392605734557,0.3289923642666417,0.26071479424747257,0.261798380340687,1.0,0.7115666666666667
0.3,0.9,20,1,5,2,2,always,anon,0.5785373492554875,1.5683452152136854,-1.9908858745206461,0.11805306473724077,0.10884069490771063,0.29287487703190146,0.24872040946896992,0.2667108314011262,0.9120666666666667,0.7115666666666667
0.3,0.9,20,1,5,2,2,always,id,0.5785373492554875,1.5683452152136854,-1.9908858745206461,0.1788703675579325,0.07843204349736513,0.21169250948611046,0.16176145164859482,0.28821012598050866,0.6699666666666667,0.7115666666666667
0.3,0.9,20,1,5,2,2,always,oracle,0.5785373492554875,1.5683452152136854,-1.9908858745206461,0.17604908495326851,0.07984268479969717,0.22218578723005575,0.16656124815517606,0.28854492893278727,0.7012,0.7115666666666667
0.3,0.9,20,1,5,2,3,always,always,0.5785373492554875,1.5683452152136859,-1.9908858745206448,0.13890618139565775,0.17206300733787186,0.3282830659201054,0.2544073383975921,0.2563743345474923,1.0,0.7084333333333334
0.3,0.9,20,1,5,2,3,always,anon,0.5785373492554875,1.5683452152136859,-1.9908858745206448,0.1320579873333879,0.17548710436900694,0.31524961181950784,0.25402985074626866,0.25651068508211367,0.9710666666666666,0.7084333333333334
0.3,0.9,20,1,5,2,3,always,id,0.5785373492554875,1.5683452152136859,-1.9908858745206448,0.2226819201144803,0.13017513797846086,0.21742812779372325,0.16165332179181996,0.2818662818662819,0.6902666666666667,0.7084333333333334
0.3,0.9,20,1,5,2,3,always,oracle,0.5785373492554875,1.5683452152136859,-1.9908858745206448,0.23340844355909413,0.12481187625615445,0.22481532019009082,0.15885307660108833,0.2838239757207891,0.7083333333333334,0.7084333333333334
0.3,0.9,20,1,5,2,4,always,always,0.5785373492554875,1.5683452152136854,-1.9908858745206461,0.13801908445463396,0.13840038387850528,0.3287994710494002,0.26113185866130423,0.25717703349282295,1.0,0.7058
0.3,0.9,20,1,5,2,4,always,anon,0.5785373492554875,1.5683452152136854,-1.9908858745206461,0.1453059562828012,0.13475694796442134,0.3074053083970908,0.2513442925180519,0.2616433685646096,0.9498666666666666,0.7058
0.3,0.9,20,1,5,2,4,always,id,0.5785373492554875,1.5683452152136854,-1.9908858745206461,0.1859725881506946,0.11442363203047519,0.21819212241428165,0.16493506493506493,0.2845837863960372,0.6847333333333333,0.7058
0.3,0.9,20,1,5,2,4,always,oracle,0.5785373492554875,1.5683452152136854,-1.9908858745206461,0.1803442875531803,0.11723778232923235,0.22178143005572873,0.1629045996592845,0.2857142857142857,0.6987,0.7058
0.3,0.99,1,0,4,2,0,always,always,0.1548977102410154,1.1007669186214715,-2.255864166035628,0.05695841860761122,0.057645534323152704,0.3289013296011197,0.24747340425531916,0.25534410844629823,1.0,0.7621333333333333
0.3,0.99,1,0,4,2,0,always,anon,0.1548977102410154,1.1007669186214715,-2.255864166035628,0.16824605504035675,0.0020017161067800177,0.23044961511546536,0.14291136838109697,0.2856493321966468,0.7018333333333333,0.7621333333333333
0.3,0.99,1,0,4,2,0,always,id,0.1548977102410154,1.1007669186214715,-2.255864166035628,0.17219642475560473,2.6531249156144332e-05,0.22590097970608816,0.12507260406582768,0.2900163851065032,0.6793666666666667,0.7621333333333333
0.3,0.99,1,0,4,2,0,always,oracle,0.1548977102410154,1.1007669186214715,-2.255864166035628,0.19115391006677637,-0.009452211406429725,0.2392407277816655,0.12522851919561243,0.2928596067609521,0.7182333333333333,0.7621333333333333
0.3,0.99,1,0,4,2,1,always,always,0.15489771024101517,1.1007669186214715,-2.2558641660356265,0.04287356812883948,0.07876858074239074,0.3289439146032024,0.25522010905705544,0.24903839885259796,1.0,0.7619333333333334
0.3,0.99,1,0,4,2,1,always,anon,0.15489771024101517,1.1007669186214715,-2.2558641660356265,0.15408666478513847,0.023162032414240995,0.23462245165806284,0.1555099757598359,0.280365818805373,0.7143,0.7619333333333334
0.3,0.99,1,0,4,2,1,always,id,0.15489771024101517,1.1007669186214715,-2.2558641660356265,0.1607056064203135,0.01985256159665367,0.23077259602764896,0.14028436018957346,0.28430870727407154,0.6925,0.7619333333333334
0.3,0.99,1,0,4,2,1,always,oracle,0.15489771024101517,1.1007669186214715,-2.2558641660356265,0.17261846223251479,0.013896133690553036,0.24087846705748533,0.13548855793679623,0.2877478100507146,0.7227333333333333,0.7619333333333334
0.3,0.99,1,0,4,2,2,always,always,0.15489771024101517,1.1007669186214715,-2.255864166035628,0.02980932927357742,0.029180527988922705,0.32883575792203223,0.26623897353648757,0.2659943684107131,1.0,0.7584333333333333
0.3,0.99,1,0,4,2,2,always,anon,0.15489771024101517,1.1007669186214715,-2.255864166035628,0.16351986491992979,-0.03767473983425376,0.22177295301718455,0.15279429250891796,0.2983565821426554,0.6794333333333333,0.7584333333333333
0.3,0.99,1,0,4,2,2,always,id,0.15489771024101517,1.1007669186214715,-2.255864166035628,0.16764002872305467,-0.03973482173581602,0.22234430624533028,0.14271595176912433,0.30134508873064314,0.6655,0.7584333333333333
0.3,0.99,1,0,4,2,2,always,oracle,0.15489771024101517,1.1007669186214715,-2.255864166035628,0.18159729156010504,-0.0467134531543414,0.23390322155320178,0.13679068019541527,0.3055475876312317,0.7000666666666666,0.7584333333333333
0.3,0.99,1,0,4,2,3,always,always,0.15489771024101517,1.1007669186214717,-2.255864166035628,0.02427711758426901,0.04078896067756024,0.3291050651736506,0.2631578947368421,0.2673751466944843,1.0,0.7620666666666667
0.3,0.99,1,0,4,2,3,always,anon,0.15489771024101517,1.1007669186214717,-2.255864166035628,0.1510608689779637,-0.022602915019287125,0.22141544921704137,0.15270644014223628,0.29820224719101124,0.6759666666666667,0.7620666666666667
0.3,0.99,1,0,4,2,3,always,id,0.15489771024101517,1.1007669186214717,-2.255864166035628,0.15113490465744076,-0.022639932859025644,0.22508966844545533,0.13913719393703847,0.30283359674870175,0.6736666666666666,0.7620666666666667
0.3,0.99,1,0,4,2,3,always,oracle,0.15489771024101517,1.1007669186214717,-2.255864166035628,0.1732963450514069,-0.03372065305600873,0.2322631440818826,0.13389830508474576,0.30594804010938925,0.6952666666666667,0.7620666666666667
0.3,0.99,1,0,4,2,4,always,always,0.15489771024101517,1.1007669186214715,-2.255864166035628,-0.012890601245455493,-0.042668413799704506,0.32912509932020834,0.3009656652360515,0.3042505592841163,1.0,0.7551333333333333
0.3,0.99,1,0,4,2,4,always,anon,0.15489771024101517,1.1007669186214715,-2.255864166035628,0.14019192520400584,-0.11920967702443483,0.19766928577734616,0.15297007592675302,0.3401738556338028,0.5966,0.7551333333333333
0.3,0.99,1,0,4,2,4,always,id,0.15489771024101517,1.1007669186214715,-2.255864166035628,0.14953364428476854,-0.12388053656481632,0.19886112827756688,0.13362930077691454,0.34525318199349825,0.5901,0.7551333333333333
0.3,0.99,1,0,4,2,4,always,oracle,0.15489771024101517,1.1007669186214715,-2.255864166035628,0.17189441345257728,-0.13506092114872087,0.20799858744592567,0.1317911714770798,0.3481774607067217,0.6166666666666667,0.7551333333333333
0.3,0.99,1,1,5,2,0,always,always,0.5785373492554884,1.5683452152136854,-1.9908858745206461,0.14066767911948735,0.16186866863310184,0.32864378165447383,0.2482876712328767,0.24406258731489242,1.0,0.7108
0.3,0.99,1,1,5,2,0,always,anon,0.5785373492554884,1.5683452152136854,-1.9908858745206461,0.24110561768744232,0.11164969934912397,0.2387919714875258,0.14650432050274942,0.27649088220798423,0.7260333333333333,0.7108
0.3,0.99,1,1,5,2,0,always,id,0.5785373492554884,1.5683452152136854,-1.9908858745206461,0.24398811938371662,0.11020844850098735,0.23147627086850497,0.12540518638573744,0.28160849402001464,0.6945333333333333,0.7108
0.3,0.99,1,1,5,2,0,always,oracle,0.5785373492554884,1.5683452152136854,-1.9908858745206461,0.26829098978204874,0.09805701330182123,0.2408084787094354,0.12249269717624148,0.2844524059546606,0.7207333333333333,0.7108
0.3,0.99,1,1,5,2,1,always,always,0.5785373492554875,1.5683452152136854,-1.9908858745206441,0.14778236237471604,0.17272892012349594,0.3285291770339421,0.2427836524721349,0.24260644620009789,1.0,0.7100333333333333
0.3,0.99,1,1,5,2,1,always,anon,0.5785373492554875,1.5683452152136854,-1.9908858745206441,0.2338303259288367,0.12970493834643568,0.2418196328810854,0.1537565521258008,0.2710216718266254,0.7316333333333334,0.7100333333333333
0.3,0.99,1,1,5,2,1,always,id,0.5785373492554875,1.5683452152136854,-1.9908858745206441,0.26166301034224376,0.11578859613973252,0.23970705600676023,0.12612612612612611,0.27940722445199134,0.7142333333333334,0.7100333333333333
0.3,0.99,1,1,5,2,1,always,oracle,0.5785373492554875,1.5683452152136854,-1.9908858745206441,0.2570932609681147,0.11807347082679705,0.2437913712971222,0.12921240130945505,0.2792401291283834,0.7261666666666666,0.7100333333333333
0.3,0.99,1,1,5,2,2,always,always,0.5785373492554875,1.5683452152136854,-1.9908858745206461,0.11406419085065703,0.137088746330789,0.32842882149784736,0.25626620570440795,0.26016202888340967,1.0,0.7045666666666667
0.3,0.99,1,1,5,2,2,always,anon,0.5785373492554875,1.5683452152136854,-1.9908858745206461,0.21394936839376316,0.08714615755923535,0.2312532525902446,0.1487315875613748,0.2920179703366361,0.7009666666666666,0.7045666666666667
0.3,0.99,1,1,5,2,2,always,id,0.5785373492554875,1.5683452152136854,-1.9908858745206461,0.24054281024426982,0.07384943663398208,0.22817807635899134,0.13228281152809454,0.29630991786195904,0.6815333333333333,0.7045666666666667
0.3,0.99,1,1,5,2,2,always,oracle,0.5785373492554875,1.5683452152136854,-1.9908858745206461,0.2540010422384203,0.06712032063690683,0.23588967213890336,0.12956277577216205,0.2988050275524735,0.7032666666666667,0.7045666666666667
0.3,0.99,1,1,5,2,3,always,always,0.5785373492554875,1.5683452152136859,-1.9908858745206448,0.10925733122672548,0.14619061687748058,0.3290552250690899,0.263914590747331,0.25635297402960067,1.0,0.7116333333333333
0.3,0.99,1,1,5,2,3,always,anon,0.5785373492554875,1.5683452152136859,-1.9908858745206448,0.19700592489577853,0.1023163200429538,0.22989367183474635,0.15851670741646293,0.28879021957301865,0.6999666666666666,0.7116333333333333
0.3,0.99,1,1,5,2,3,always,id,0.5785373492554875,1.5683452152136859,-1.9908858745206448,0.21414289713428217,0.09374783392370212,0.22792636657454682,0.14180024660912455,0.29339319298671357,0.6799333333333333,0.7116333333333333
0.3,0.99,1,1,5,2,3,always,oracle,0.5785373492554875,1.5683452152136859,-1.9908858745206448,0.23011880761599,0.08575987868284837,0.23424984776804533,0.13817236552689463,0.29575483239540007,0.6979333333333333,0.7116333333333333
0.3,0.99,1,1,5,2,4,always,always,0.5785373492554875,1.5683452152136854,-1.9908858745206461,0.058175787559363215,0.06984810615106674,0.32898929845422115,0.298684400751771,0.29224553444853985,1.0,0.7008333333333333
0.3,0.99,1,1,5,2,4,always,anon,0.5785373492554875,1.5683452152136854,-1.9908858745206461,0.18937720605105435,0.004247396905221567,0.20737217598097504,0.15688073394495414,0.33033303330333036,0.6236666666666667,0.7008333333333333
0.3,0.99,1,1,5,2,4,always,id,0.5785373492554875,1.5683452152136854,-1.9908858745206461,0.21244012223938047,-0.007284061188941442,0.20689655172413793,0.13885057471264367,0.3349325337331334,0.6071333333333333,0.7008333333333333
0.3,0.99,1,1,5,2,4,always,oracle,0.5785373492554875,1.5683452152136854,-1.9908858745206461,0.22250785993939506,-0.012317930038948901,0.2110820451843044,0.13835060838215413,0.3361065894977995,0.6197666666666667,0.7008333333333333
0.3,0.99,5,0,4,2,0,always,always,0.1548977102410154,1.1007669186214715,-2.255864166035628,0.05695841860761122,0.057645534323152704,0.3289013296011197,0.24747340425531916,0.25534410844629823,1.0,0.7621333333333333
0.3,0.99,5,0,4,2,0,always,anon,0.1548977102410154,1.1007669186214715,-2.255864166035628,0.1610039473384667,0.00562276995772513,0.23066829951014695,0.14865377322715206,0.2839681637293917,0.7021666666666667,0.7621333333333333
0.3,0.99,5,0,4,2,0,always,id,0.1548977102410154,1.1007669186214715,-2.255864166035628,0.16907427271699543,0.0015876072684606905,0.2255073477956613,0.1243211792086889,0.2901513440252993,0.6784333333333333,0.7621333333333333
0.3,0.99,5,0,4,2,0,always,oracle,0.1548977102410154,1.1007669186214715,-2.255864166035628,0.19115391006677637,-0.009452211406429725,0.2392407277816655,0.12522851919561243,0.2928596067609521,0.7182333333333333,0.7621333333333333
0.3,0.99,5,0,4,2,1,always,always,0.15489771024101517,1.1007669186214715,-2.2558641660356265,0.04287356812883948,0.07876858074239074,0.3289439146032024,0.25522010905705544,0.24903839885259796,1.0,0.7619333333333334
0.3,0.99,5,0,4,2,1,always,anon,0.15489771024101517,1.1007669186214715,-2.2558641660356265,0.155056244729439,0.022677242442090708,0.23492869017411847,0.16070763500931098,0.27881976212259835,0.7134666666666667,0.7619333333333334
0.3,0.99,5,0,4,2,1,always,id,0.15489771024101517,1.1007669186214715,-2.2558641660356265,0.16403519255360688,0.018187768530007063,0.230860092746522,0.13928368391131324,0.2846254479267391,0.6926,0.7619333333333334
0.3,0.99,5,0,4,2,1,always,oracle,0.15489771024101517,1.1007669186214715,-2.2558641660356265,0.17261846223251479,0.013896133690553036,0.24087846705748533,0.13548855793679623,0.2877478100507146,0.7227333333333333,0.7619333333333334
0.3,0.99,5,0,4,2,2,always,always,0.15489771024101517,1.1007669186214715,-2.255864166035628,0.02980932927357742,0.029180527988922705,0.32883575792203223,0.26623897353648757,0.2659943684107131,1.0,0.7584333333333333
0.3,0.99,5,0,4,2,2,always,anon,0.15489771024101517,1.1007669186214715,-2.255864166035628,0.14135867228498442,-0.02659414351678084,0.2226959082318815,0.16321294651667653,0.2955444984733688,0.6790666666666667,0.7584333333333333
0.3,0.99,5,0,4,2,2,always,id,0.15489771024101517,1.1007669186214715,-2.255864166035628,0.160300447684885,-0.036065031216731165,0.22168505252054674,0.14254559873116573,0.3012592467107121,0.6640666666666667,0.7584333333333333
0.3,0.99,5,0,4,2,2,always,oracle,0.15489771024101517,1.1007669186214715,-2.255864166035628,0.18159729156010504,-0.0467134531543414,0.23390322155320178,0.13679068019541527,0.3055475876312317,0.7000666666666666,0.7584333333333333
0.3,0.99,5,0,4,2,3,always,always,0.15489771024101517,1.1007669186214717,-2.255864166035628,0.02427711758426901,0.04078896067756024,0.3291050651736506,0.2631578947368421,0.2673751466944843,1.0,0.7620666666666667
0.3,0.99,5,0,4,2,3,always,anon,0.15489771024101517,1.1007669186214717,-2.255864166035628,0.13568355996971093,-0.014914260515160722,0.22058437582013823,0.15387666071782669,0.29771592120769963,0.6735666666666666,0.7620666666666667
0.3,0.99,5,0,4,2,3,always,id,0.15489771024101517,1.1007669186214717,-2.255864166035628,0.15507308697381866,-0.02460902401721471,0.22495844633015485,0.13844059887225355,0.30300807043286865,0.6731,0.7620666666666667
0.3,0.99,5,0,4,2,3,always,oracle,0.15489771024101517,1.1007669186214717,-2.255864166035628,0.1732963450514069,-0.03372065305600873,0.2322631440818826,0.13389830508474576,0.30594804010938925,0.6952666666666667,0.7620666666666667
0.3,0.99,5,0,4,2,4,always,always,0.15489771024101517,1.1007669186214715,-2.255864166035628,-0.012890601245455493,-0.042668413799704506,0.32912509932020834,0.3009656652360515,0.3042505592841163,1.0,0.7551333333333333
0.3,0.99,5,0,4,2,4,always,anon,0.15489771024101517,1.1007669186214715,-2.255864166035628,0.14315284539492323,-0.12069013711989346,0.19660987022159443,0.16008082622361922,0.3381868131868132,0.5929333333333333,0.7551333333333333
0.3,0.99,5,0,4,2,4,always,id,0.15489771024101517,1.1007669186214715,-2.255864166035628,0.15404120305583668,-0.12613431595035032,0.1987728436479209,0.1345769487008661,0.344994766128588,0.5897,0.7551333333333333
0.3,0.99,5,0,4,2,4,always,oracle,0.15489771024101517,1.1007669186214715,-2.255864166035628,0.17189441345257728,-0.13506092114872087,0.20799858744592567,0.1317911714770798,0.3481774607067217,0.6166666666666667,0.7551333333333333
0.3,0.99,5,1,5,2,0,always,always,0.5785373492554884,1.5683452152136854,-1.9908858745206461,0.14066767911948735,0.16186866863310184,0.32864378165447383,0.2482876712328767,0.24406258731489242,1.0,0.7108
0.3,0.99,5,1,5,2,0,always,anon,0.5785373492554884,1.5683452152136854,-1.9908858745206461,0.20783251234705472,0.1282862520193181,0.23926092665541174,0.1528812230497844,0.27456540500554805,0.7264333333333334,0.7108
0.3,0.99,5,1,5,2,0,always,id,0.5785373492554884,1.5683452152136854,-1.9908858745206461,0.24192103840041132,0.11124198899263993,0.2311011067341962,0.12540584415584416,0.2815320809953647,0.6933,0.7108
0.3,0.99,5,1,5,2,0,always,oracle,0.5785373492554884,1.5683452152136854,-1.9908858745206461,0.26829098978204874,0.09805701330182123,0.2408084787094354,0.12249269717624148,0.2844524059546606,0.7207333333333333,0.7108
0.3,0.99,5,1,5,2,1,always,always,0.5785373492554875,1.5683452152136854,-1.9908858745206441,0.14778236237471604,0.17272892012349594,0.3285291770339421,0.2427836524721349,0.24260644620009789,1.0,0.7100333333333333
0.3,0.99,5,1,5,2,1,always,anon,0.5785373492554875,1.5683452152136854,-1.9908858745206441,0.21133510290604832,0.1409525498578299,0.24149100981174593,0.15999222395023327,0.2689855790060036,0.7321,0.7100333333333333
0.3,0.99,5,1,5,2,1,always,id,0.5785373492554875,1.5683452152136854,-1.9908858745206441,0.2617228539834019,0.11575867431915318,0.23998873292333694,0.1255868544600939,0.27963431959972823,0.7148333333333333,0.7100333333333333
0.3,0.99,5,1,5,2,1,always,oracle,0.5785373492554875,1.5683452152136854,-1.9908858745206441,0.2570932609681147,0.11807347082679705,0.2437913712971222,0.12921240130945505,0.2792401291283834,0.7261666666666666,0.7100333333333333
0.3,0.99,5,1,5,2,2,always,always,0.5785373492554875,1.5683452152136854,-1.9908858745206461,0.11406419085065703,0.137088746330789,0.32842882149784736,0.25626620570440795,0.26016202888340967,1.0,0.7045666666666667
0.3,0.99,5,1,5,2,2,always,anon,0.5785373492554875,1.5683452152136854,-1.9908858745206461,0.21720634071988673,0.0855176713961738,0.23096939016889814,0.1556739041376485,0.2898800369117195,0.7016666666666667,0.7045666666666667
0.3,0.99,5,1,5,2,2,always,id,0.5785373492554875,1.5683452152136854,-1.9908858745206461,0.2326511347855699,0.07779527436333214,0.22775228272697165,0.13377648525135022,0.29577896220057587,0.6804666666666667,0.7045666666666667
0.3,0.99,5,1,5,2,2,always,oracle,0.5785373492554875,1.5683452152136854,-1.9908858745206461,0.2540010422384203,0.06712032063690683,0.23588967213890336,0.12956277577216205,0.2988050275524735,0.7032666666666667,0.7045666666666667
0.3,0.99,5,1,5,2,3,always,always,0.5785373492554875,1.5683452152136859,-1.9908858745206448,0.10925733122672548,0.14619061687748058,0.3290552250690899,0.263914590747331,0.25635297402960067,1.0,0.7116333333333333
0.3,0.99,5,1,5,2,3,always,anon,0.5785373492554875,1.5683452152136859,-1.9908858745206448,0.18414935646186892,0.10874460425990869,0.23031523724764627,0.16636160260321334,0.2865141187925998,0.7002333333333334,0.7116333333333333
0.3,0.99,5,1,5,2,3,always,id,0.5785373492554875,1.5683452152136859,-1.9908858745206448,0.21548114937121715,0.09307870780523456,0.22783268537168017,0.14144736842105263,0.2934789202305126,0.6795666666666667,0.7116333333333333
0.3,0.99,5,1,5,2,3,always,oracle,0.5785373492554875,1.5683452152136859,-1.9908858745206448,0.23011880761599,0.08575987868284837,0.23424984776804533,0.13817236552689463,0.29575483239540007,0.6979333333333333,0.7116333333333333
0.3,0.99,5,1,5,2,4,always,always,0.5785373492554875,1.5683452152136854,-1.9908858745206461,0.058175787559363215,0.06984810615106674,0.32898929845422115,0.298684400751771,0.29224553444853985,1.0,0.7008333333333333
0.3,0.99,5,1,5,2,4,always,anon,0.5785373492554875,1.5683452152136854,-1.9908858745206461,0.189035095627676,0.004418452116910616,0.20699167657550535,0.16383272058823528,0.3284351946260421,0.6197333333333334,0.7008333333333333
0.3,0.99,5,1,5,2,4,always,id,0.5785373492554875,1.5683452152136854,-1.9908858745206461,0.21304583247917705,-0.007586916308839779,0.20618311533888228,0.14025374855824682,0.33439185140802874,0.6053666666666667,0.7008333333333333
0.3,0.99,5,1,5,2,4,always,oracle,0.5785373492554875,1.5683452152136854,-1.9908858745206461,0.22250785993939506,-0.012317930038948901,0.2110820451843044,0.13835060838215413,0.3361065894977995,0.6197666666666667,0.7008333333333333
0.3,0.99,20,0,4,2,0,always,always,0.1548977102410154,1.1007669186214715,-2.255864166035628,0.05695841860761122,0.057645534323152704,0.3289013296011197,0.24747340425531916,0.25534410844629823,1.0,0.7621333333333333
0.3,0.99,20,0,4,2,0,always,anon,0.1548977102410154,1.1007669186214715,-2.255864166035628,0.13866212248749413,0.016793682383211425,0.22738803358992302,0.16887863050586652,0.2774412680441551,0.6951,0.7621333333333333
0.3,0.99,20,0,4,2,0,always,id,0.1548977102410154,1.1007669186214715,-2.255864166035628,0.1611320271051157,0.005558730074400725,0.22445766270118964,0.12802026500389713,0.28885630498533726,0.6753666666666667,0.7621333333333333
0.3,0.99,20,0,4,2,0,always,oracle,0.1548977102410154,1.1007669186214715,-2.255864166035628,0.19115391006677637,-0.009452211406429725,0.2392407277816655,0.12522851919561243,0.2928596067609521,0.7182333333333333,0.7621333333333333
0.3,0.99,20,0,4,2,1,always,always,0.15489771024101517,1.1007669186214715,-2.2558641660356265,0.04287356812883948,0.07876858074239074,0.3289439146032024,0.25522010905705544,0.24903839885259796,1.0,0.7619333333333334
0.3,0.99,20,0,4,2,1,always,anon,0.15489771024101517,1.1007669186214715,-2.2558641660356265,0.12842493607950467,0.03599289676705811,0.23068509930877593,0.17674947847525127,0.2733579755473415,0.7059333333333333,0.7619333333333334
0.3,0.99,20,0,4,2,1,always,id,0.15489771024101517,1.1007669186214715,-2.2558641660356265,0.16160661046001554,0.019402059576802782,0.23081634438708548,0.14006823351023504,0.2843817540666591,0.6927666666666666,0.7619333333333334
0.3,0.99,20,0,4,2,1,always,oracle,0.15489771024101517,1.1007669186214715,-2.2558641660356265,0.17261846223251479,0.013896133690553036,0.24087846705748533,0.13548855793679623,0.2877478100507146,0.7227333333333333,0.7619333333333334
0.3,0.99,20,0,4,2,2,always,always,0.15489771024101517,1.1007669186214715,-2.255864166035628,0.02980932927357742,0.029180527988922705,0.32883575792203223,0.26623897353648757,0.2659943684107131,1.0,0.7584333333333333
0.3,0.99,20,0,4,2,2,always,anon,0.15489771024101517,1.1007669186214715,-2.255864166035628,0.10301222141237215,-0.007420918080474669,0.21605942073572715,0.1712774613506916,0.2922016034086449,0.6577666666666667,0.7584333333333333
0.3,0.99,20,0,4,2,2,always,id,0.15489771024101517,1.1007669186214715,-2.255864166035628,0.15934963852345818,-0.03558962663601779,0.22058629631257418,0.1412631998406057,0.30139844366753127,0.6608666666666667,0.7584333333333333
0.3,0.99,20,0,4,2,2,always,oracle,0.15489771024101517,1.1007669186214715,-2.255864166035628,0.18159729156010504,-0.0467134531543414,0.23390322155320178,0.13679068019541527,0.3055475876312317,0.7000666666666666,0.7584333333333333
0.3,0.99,20,0,4,2,3,always,always,0.15489771024101517,1.1007669186214717,-2.255864166035628,0.02427711758426901,0.04078896067756024,0.3291050651736506,0.2631578947368421,0.2673751466944843,1.0,0.7620666666666667
0.3,0.99,20,0,4,2,3,always,anon,0.15489771024101517,1.1007669186214717,-2.255864166035628,0.10085028576277999,0.002502376588304602,0.21691015659172425,0.1724137931034483,0.29190638440484834,0.6634666666666666,0.7620666666666667
0.3,0.99,20,0,4,2,3,always,id,0.15489771024101517,1.1007669186214717,-2.255864166035628,0.1568718982551785,-0.025508429657894648,0.22382118799755052,0.1383623216728552,0.3027895181741336,0.6706333333333333,0.7620666666666667
0.3,0.99,20,0,4,2,3,always,oracle,0.15489771024101517,1.1007669186214717,-2.255864166035628,0.1732963450514069,-0.03372065305600873,0.2322631440818826,0.13389830508474576,0.30594804010938925,0.6952666666666667,0.7620666666666667
0.3,0.99,20,0,4,2,4,always,always,0.15489771024101517,1.1007669186214715,-2.255864166035628,-0.012890601245455493,-0.042668413799704506,0.32912509932020834,0.3009656652360515,0.3042505592841163,1.0,0.7551333333333333
0.3,0.99,20,0,4,2,4,always,anon,0.15489771024101517,1.1007669186214715,-2.255864166035628,0.1142901977080594,-0.10625881327646164,0.19038580383155293,0.17968931138418734,0.3322065318139687,0.5759666666666666,0.7551333333333333
0.3,0.99,20,0,4,2,4,always,id,0.15489771024101517,1.1007669186214715,-2.255864166035628,0.15641453457569132,-0.12732098171027764,0.19722786262911626,0.13540734109221128,0.34438579126800833,0.5860333333333333,0.7551333333333333
0.3,0.99,20,0,4,2,4,always,oracle,0.15489771024101517,1.1007669186214715,-2.255864166035628,0.17189441345257728,-0.13506092114872087,0.20799858744592567,0.1317911714770798,0.3481774607067217,0.6166666666666667,0.7551333333333333
0.3,0.99,20,1,5,2,0,always,always,0.5785373492554884,1.5683452152136854,-1.9908858745206461,0.14066767911948735,0.16186866863310184,0.32864378165447383,0.2482876712328767,0.24406258731489242,1.0,0.7108
0.3,0.99,20,1,5,2,0,always,anon,0.5785373492554884,1.5683452152136854,-1.9908858745206461,0.20537526991256624,0.12951487323656227,0.24019883699118363,0.17590784849668098,0.2674361189976546,0.7318333333333333,0.7108
0.3,0.99,20,1,5,2,0,always,id,0.5785373492554884,1.5683452152136854,-1.9908858745206461,0.24044005012280062,0.11198248313144524,0.22903770399549803,0.1255118755118755,0.28108272506082727,0.6876,0.7108
0.3,0.99,20,1,5,2,0,always,oracle,0.5785373492554884,1.5683452152136854,-1.9908858745206461,0.26829098978204874,0.09805701330182123,0.2408084787094354,0.12249269717624148,0.2844524059546606,0.7207333333333333,0.7108
0.3,0.99,20,1,5,2,1,always,always,0.5785373492554875,1.5683452152136854,-1.9908858745206441,0.14778236237471604,0.17272892012349594,0.3285291770339421,0.2427836524721349,0.24260644620009789,1.0,0.7100333333333333
0.3,0.99,20,1,5,2,1,always,anon,0.5785373492554875,1.5683452152136854,-1.9908858745206441,0.20400402076385793,0.14461809092892505,0.24073987136754144,0.1731669266770671,0.26470042663698756,0.7284333333333334,0.7100333333333333
0.3,0.99,20,1,5,2,1,always,id,0.5785373492554875,1.5683452152136854,-1.9908858745206441,0.26683696357407893,0.11320161952381491,0.24017651753438807,0.127443315089914,0.2790855730614767,0.7166666666666667,0.7100333333333333
0.3,0.99,20,1,5,2,1,always,oracle,0.5785373492554875,1.5683452152136854,-1.9908858745206441,0.2570932609681147,0.11807347082679705,0.2437913712971222,0.12921240130945505,0.2792401291283834,0.7261666666666666,0.7100333333333333
0.3,0.99,20,1,5,2,2,always,always,0.5785373492554875,1.5683452152136854,-1.9908858745206461,0.11406419085065703,0.137088746330789,0.32842882149784736,0.25626620570440795,0.26016202888340967,1.0,0.7045666666666667
0.3,0.99,20,1,5,2,2,always,anon,0.5785373492554875,1.5683452152136854,-1.9908858745206461,0.20544636715249076,0.09139765817987158,0.22997587169418554,0.16910100802304054,0.28569673138363233,0.6963666666666667,0.7045666666666667
0.3,0.99,20,1,5,2,2,always,id,0.5785373492554875,1.5683452152136854,-1.9908858745206461,0.2368675350414776,0.0756870742353782,0.22704262667360553,0.13356949364450926,0.2956910270534949,0.6783333333333333,0.7045666666666667
0.3,0.99,20,1,5,2,2,always,oracle,0.5785373492554875,1.5683452152136854,-1.9908858745206461,0.2540010422384203,0.06712032063690683,0.23588967213890336,0.12956277577216205,0.2988050275524735,0.7032666666666667,0.7045666666666667
0.3,0.99,20,1,5,2,3,always,always,0.5785373492554875,1.5683452152136859,-1.9908858745206448,0.10925733122672548,0.14619061687748058,0.3290552250690899,0.263914590747331,0.25635297402960067,1.0,0.7116333333333333
0.3,0.99,20,1,5,2,3,always,anon,0.5785373492554875,1.5683452152136859,-1.9908858745206448,0.17271923793042185,0.11445966352563236,0.22783268537168017,0.18153782894736842,0.2816499848346982,0.6942,0.7116333333333333
0.3,0.99,20,1,5,2,3,always,id,0.5785373492554875,1.5683452152136859,-1.9908858745206448,0.21445695779201837,0.09359080359483393,0.22717691695161366,0.13917525773195877,0.29401781926177345,0.6768333333333333,0.7116333333333333
0.3,0.99,20,1,5,2,3,always,oracle,0.5785373492554875,1.5683452152136859,-1.9908858745206448,0.23011880761599,0.08575987868284837,0.23424984776804533,0.13817236552689463,0.29575483239540007,0.6979333333333333,0.7116333333333333
0.3,0.99,20,1,5,2,4,always,always,0.5785373492554875,1.5683452152136854,-1.9908858745206461,0.058175787559363215,0.06984810615106674,0.32898929845422115,0.298684400751771,0.29224553444853985,1.0,0.7008333333333333
0.3,0.99,20,1,5,2,4,always,anon,0.5785373492554875,1.5683452152136854,-1.9908858745206461,0.16124997647730355,0.018311011692097062,0.2010463733650416,0.17837709959782352,0.3235504226693654,0.6022333333333333,0.7008333333333333
0.3,0.99,20,1,5,2,4,always,id,0.5785373492554875,1.5683452152136854,-1.9908858745206461,0.20155671593234709,-0.0018423580354246765,0.20275862068965517,0.14074595355383532,0.33343276458656484,0.5961333333333333,0.7008333333333333
0.3,0.99,20,1,5,2,4,always,oracle,0.5785373492554875,1.5683452152136854,-1.9908858745206461,0.22250785993939506,-0.012317930038948901,0.2110820451843044,0.13835060838215413,0.3361065894977995,0.6197666666666667,0.7008333333333333
