n_mm,lr,init_q,seeds,half_spread,hs_std,hC,hM,delta,delta_std,leader_switch,near_monopoly,contested,restraint_c,forgone,q_gap
2,0.05,0.0,10,11.159786,0.5342453030147605,4,14,0.8405391151571617,0.030680122302381024,0.5160535117056856,0.3663333333333333,0.5503367003367003,0.9997005988023953,0.7419988368889567,5.470651220522746
2,0.05,2.0,10,11.271370000000001,0.3152109663648562,4,14,0.8389934445849911,0.023261188002579862,0.42040133779264216,0.396,0.5385521885521886,0.9929672823427265,0.7239276945558848,4.140175201774831
2,0.15,0.0,10,14.4286495,0.1499034388355459,4,14,0.855465567775588,0.012404762010142525,0.45050167224080273,0.36,0.5523569023569024,0.9940484287770472,0.834799679088676,3.682404490100969
2,0.15,2.0,10,14.435278,0.08599151451031561,4,14,0.8509464702433498,0.009670230488399106,0.5451505016722408,0.33066666666666666,0.5513468013468014,0.9795327212014918,0.8453233262561254,3.5213376341585367
3,0.05,0.0,10,9.3466415,0.1664132407267119,4,14,0.7177884493537917,0.019478115924830036,0.6143812709030101,0.21400000000000002,0.6793490460157127,0.9832831873227372,0.7865539811812934,3.3329220267907247
3,0.05,2.0,10,9.999037,0.15685478496933986,4,14,0.7599726262166715,0.01820548876008081,0.5759197324414715,0.262,0.673063973063973,0.9847930173557629,0.8170347522903951,2.7697462232473926
3,0.15,0.0,10,14.921372999999999,0.1671659370073803,4,14,0.8641731192120854,0.008702648322883096,0.579933110367893,0.3636666666666667,0.6982042648709316,0.9876158452473778,1.0223529030931295,3.472779098271677
3,0.15,2.0,10,14.918038999999998,0.1614595521381952,4,14,0.8561246031056227,0.01601780892352727,0.6107023411371237,0.329,0.6976430976430976,0.9924530339218742,1.013437724886907,2.9689418964261227
5,0.05,0.0,10,9.7114305,0.13095458509748903,4,14,0.7088491526544214,0.016245221696752847,0.6277591973244148,0.23533333333333334,0.7785858585858586,0.9714281456354797,0.8435357065709251,2.5076857658773886
5,0.05,2.0,10,11.6645225,0.16537440775488188,4,14,0.8525146121904446,0.02082901421815391,0.6976588628762542,0.3983333333333333,0.8026262626262627,0.9915847150319793,1.0369882220527615,1.9142026719073286
5,0.15,0.0,10,14.9553225,0.15885031574567282,4,14,0.8717437300843034,0.01266556199779811,0.6197324414715719,0.38,0.8090235690235691,0.9903976354469017,1.1515752184963701,2.7454183102066545
5,0.15,2.0,10,15.3844805,0.1544081247583461,4,14,0.8491775916981485,0.016121005917862027,0.6725752508361204,0.33166666666666667,0.8294276094276094,0.986768541771202,1.1896034691925768,2.1610286648921866
