n_mm,lr,init_q,seed,half_spread,delta,hC,hM,change_rate,best_h_mean,best_h_std,near_monopoly,leader_switch,cliff_share,contested_share,restraint_given_contested,forgone_reward,q_gap
2,0.05,0.0,0,10.782965,0.8320395260254861,4,14,1.0,10.61,2.734574921262901,0.26,0.6187290969899666,,0.5303030303030303,1.0,0.7447992782821203,4.708683363036341
2,0.05,0.0,1,11.320865,0.833606434309564,4,14,1.0,9.826666666666666,4.0079033033356595,0.4266666666666667,0.2040133779264214,,0.5505050505050505,0.9970059880239521,0.6163639479468012,5.102073738085724
2,0.05,0.0,2,10.96077,0.8206930948485085,4,14,1.0,11.56,3.1176486866440443,0.31333333333333335,0.5819397993311036,,0.5555555555555556,1.0,0.7038713311029146,6.359811956167549
2,0.05,0.0,3,10.75348,0.8181493062054686,4,14,1.0,10.786666666666667,3.172983173958258,0.44,0.49498327759197325,,0.5033670033670034,1.0,0.6574323580055876,4.91670059770432
2,0.05,0.0,4,12.591355,0.9204348381844468,4,14,1.0,11.03,2.8123122159532716,0.3,0.5618729096989966,,0.5757575757575758,1.0,0.7916752810422012,5.842721286293888
2,0.05,0.0,5,11.027779999999998,0.8241592013267982,4,14,1.0,10.463333333333333,3.766783184038544,0.27666666666666667,0.6086956521739131,,0.5824915824915825,1.0,0.7113413848030077,5.284268910191577
2,0.05,0.0,6,11.09887,0.8227562064396096,4,14,1.0,11.96,3.670385992417328,0.4166666666666667,0.5518394648829431,,0.569023569023569,1.0,0.739173256497545,6.5279221866182535
2,0.05,0.0,7,11.23268,0.8276530494308854,4,14,1.0,12.68,3.0979993544221407,0.53,0.4414715719063545,,0.601010101010101,1.0,0.9697859482140709,4.992283014319617
2,0.05,0.0,8,10.912755,0.8555952852869648,4,14,1.0,12.05,3.7745860700214533,0.35,0.5183946488294314,,0.5,1.0,0.6794811755878218,5.444520494563453
2,0.05,0.0,9,10.91634,0.8503042095138849,4,14,1.0,10.41,4.032604617365804,0.35,0.5785953177257525,,0.5353535353535354,1.0,0.8060644074074965,5.527526658246737
2,0.05,2.0,0,11.476029999999998,0.8560708194491259,4,14,1.0,11.763333333333334,4.305886152182331,0.39,0.4916387959866221,,0.601010101010101,0.9587378640776699,0.8546720189056372,4.344971766686416
2,0.05,2.0,1,11.094375,0.8296522407449164,4,14,1.0,12.26,3.9054321143760777,0.4,0.5183946488294314,,0.4797979797979798,1.0,0.6698143674826565,4.29252961621376
2,0.05,2.0,2,10.982375,0.8338927909080419,4,14,1.0,11.853333333333333,2.458689804663361,0.5133333333333333,0.5250836120401338,,0.5808080808080809,1.0,0.7800569607570024,3.1876014347130104
2,0.05,2.0,3,11.352965,0.8421154653296303,4,14,1.0,11.18,3.220910844259224,0.43666666666666665,0.5351170568561873,,0.48653198653198654,0.975,0.7076624111938317,3.9065558948268397
2,0.05,2.0,4,11.623709999999999,0.8862929083078754,4,14,1.0,10.32,2.545112964094128,0.42,0.19732441471571907,,0.4696969696969697,1.0,0.6106959315166052,4.51619466900766
2,0.05,2.0,5,11.256685000000001,0.804395616094469,4,14,1.0,10.926666666666666,3.110405475532446,0.31666666666666665,0.24749163879598662,,0.5824915824915825,1.0,0.7362330313853093,3.830769079476659
2,0.05,2.0,6,11.888440000000001,0.8424365372308348,4,14,1.0,13.013333333333334,4.152086490214555,0.24333333333333335,0.36454849498327757,,0.5202020202020202,1.0,0.70146726978826,4.22603459659585
2,0.05,2.0,7,10.908190000000001,0.8099417036018268,4,14,1.0,10.79,4.0807556489781,0.24,0.5250836120401338,,0.5185185185185186,0.9959349593495934,0.6673568228708849,4.316860188704738
2,0.05,2.0,8,10.998365000000002,0.8342188629459072,4,14,1.0,10.84,3.711387880564358,0.57,0.3377926421404682,,0.6565656565656566,1.0,0.8528441052604896,4.0908506792596295
2,0.05,2.0,9,11.132565000000001,0.8509175012372846,4,14,1.0,11.28,3.600222215363935,0.43,0.46153846153846156,,0.48989898989898994,1.0,0.6584740263981717,4.689384092263744
2,0.15,0.0,0,14.52289,0.847789769177249,4,14,1.0,16.15,4.9363448015713,0.31,0.5518394648829431,,0.6683501683501682,0.9974747474747474,0.9505887410754548,3.694607740606572
2,0.15,0.0,1,14.428645000000001,0.8430691189973566,4,14,1.0,13.71,4.597742199529388,0.4033333333333333,0.48494983277591974,,0.5151515151515151,0.9878015350877193,0.784583184617984,3.762163832141007
2,0.15,0.0,2,14.359404999999999,0.8581198189623679,4,14,1.0,14.343333333333334,4.224388187129061,0.4766666666666667,0.34782608695652173,,0.563973063973064,0.993006993006993,0.8438562902760842,4.321247400128109
2,0.15,0.0,3,14.66655,0.8589528611933978,4,14,1.0,16.64,3.507667791187377,0.42333333333333334,0.3979933110367893,,0.5808080808080809,1.0,0.9019754258803746,3.4981682720981793
2,0.15,0.0,4,14.10961,0.8484832900260895,4,14,1.0,13.84,4.99810630805975,0.25666666666666665,0.43812709030100333,,0.5235690235690236,0.9777777777777779,0.7912249579553483,3.7004792473374204
2,0.15,0.0,5,14.473564999999999,0.8400046448177224,4,14,1.0,14.353333333333333,4.39414256583567,0.38,0.5016722408026756,,0.5202020202020202,0.9929702429702429,0.787834209824416,3.040034055061878
2,0.15,0.0,6,14.479255,0.8664369358917479,4,14,1.0,15.346666666666666,4.021586198946326,0.46,0.43478260869565216,,0.5235690235690236,1.0,0.813727950572701,3.4417857012027273
2,0.15,0.0,7,14.318635,0.8451395638489296,4,14,1.0,13.333333333333334,4.340762861781581,0.35,0.3879598662207358,,0.48484848484848486,0.9914529914529915,0.7374320649622139,3.5777095917084405
2,0.15,0.0,8,14.389795000000001,0.8734928051621879,4,14,1.0,16.46,4.539647563412825,0.33,0.5585284280936454,,0.5757575757575757,1.0,0.8389827852280173,4.505936728243459
2,0.15,0.0,9,14.538145,0.8731668696788323,4,14,1.0,14.923333333333334,4.927892269745984,0.21,0.4013377926421405,,0.5673400673400674,1.0,0.8977911804941674,3.2819123324819004
2,0.15,2.0,0,14.472925,0.8547088592268217,4,14,1.0,13.886666666666667,4.238768164874738,0.32666666666666666,0.45819397993311034,,0.47138047138047134,0.9928480204342274,0.716203589722987,3.092079019714914
2,0.15,2.0,1,14.343639999999999,0.8500974362020285,4,14,1.0,13.81,4.493020513344373,0.30333333333333334,0.5719063545150501,,0.5151515151515151,0.9940119760479043,0.7590170313126869,3.6755033099505514
2,0.15,2.0,2,14.50134,0.8549095290574289,4,14,1.0,14.87,4.541633333211008,0.31666666666666665,0.5986622073578596,,0.6060606060606061,0.9969879518072289,0.873765661520395,3.37225101408961
2,0.15,2.0,3,14.34036,0.836537868565615,4,14,1.0,13.04,5.171563271068688,0.36,0.5083612040133779,,0.5723905723905724,0.9236441236684132,0.8016858567589351,2.970747461198197
2,0.15,2.0,4,14.485584999999999,0.8560741930363197,4,14,1.0,15.66,5.344567335154456,0.2866666666666667,0.5484949832775919,,0.5555555555555556,1.0,0.892784517577853,3.552414435558627
2,0.15,2.0,5,14.378255000000001,0.8329350308988732,4,14,1.0,15.93,4.9804718651951045,0.3466666666666667,0.568561872909699,,0.49663299663299665,0.9639080820770519,0.9163981236930565,3.043808039881343
2,0.15,2.0,6,14.456515000000001,0.8531212239571864,4,14,1.0,12.78,3.6025361437002497,0.43666666666666665,0.5317725752508361,,0.5555555555555556,0.9917355371900827,0.8830468567818495,3.42461884697664
2,0.15,2.0,7,14.582885000000001,0.8489974523811877,4,14,1.0,15.03,4.438742314364885,0.4066666666666667,0.8160535117056856,,0.6279461279461279,0.984375,0.9541244677383938,4.436582726141501
2,0.15,2.0,8,14.31754,0.8655346039098533,4,14,1.0,13.963333333333333,5.20787758005974,0.31333333333333335,0.4013377926421405,,0.5252525252525253,0.9515478640735917,0.8169432603965356,3.5027053617147246
2,0.15,2.0,9,14.473735000000001,0.8565485051981836,4,14,1.0,15.77,4.846005227676366,0.21,0.44816053511705684,,0.5875420875420876,0.9962686567164178,0.8392638970585606,4.142666126359259
3,0.05,0.0,0,9.192650000000002,0.705419587722846,4,14,1.0,9.006666666666666,2.830775315861167,0.24666666666666667,0.6387959866220736,,0.6958473625140291,1.0,0.7108783032823233,3.2270676494556914
3,0.05,0.0,1,9.286240000000001,0.7037732275682783,4,14,1.0,9.5,3.1533051443419384,0.23666666666666666,0.6387959866220736,,0.6790123456790124,0.9639383952579691,0.8040996175309795,2.9831956137897095
3,0.05,0.0,2,9.495449999999998,0.7231693408670798,4,14,1.0,9.56,3.0055060583313864,0.25333333333333335,0.6454849498327759,,0.6621773288439955,0.9967372423829867,0.770136669101159,3.30635137548556
3,0.05,0.0,3,9.381369999999999,0.6816873183772686,4,14,1.0,9.586666666666666,3.6123614929233696,0.20666666666666667,0.6655518394648829,,0.6498316498316499,0.9835120207927227,0.7468198036661069,3.220785655435828
3,0.05,0.0,4,9.41595,0.740052717483157,4,14,1.0,9.243333333333334,1.8414094843051312,0.11,0.5418060200668896,,0.644219977553311,1.0,0.7629307100291948,3.628371877632673
3,0.05,0.0,5,9.65651,0.7521806045911468,4,14,1.0,9.323333333333334,2.8621883624636273,0.23333333333333334,0.5953177257525084,,0.6812570145903479,0.961760333870516,0.8277026667772059,3.3713279810701606
3,0.05,0.0,6,9.278415,0.7192032930769171,4,14,1.0,9.19,3.003425821735351,0.22666666666666666,0.5384615384615384,,0.6666666666666666,0.9741956376880485,0.7653269915736569,3.2666909963193724
3,0.05,0.0,7,9.41993,0.7135078488277449,4,14,1.0,9.436666666666667,3.2227300366131955,0.19666666666666666,0.6053511705685619,,0.6958473625140292,0.9726404590268309,0.8178090941370223,3.3657858052131857
3,0.05,0.0,8,9.28229,0.7156651512635434,4,14,1.0,9.696666666666667,3.4377301943126497,0.18,0.5953177257525084,,0.6722783389450057,0.986178084804416,0.7784165576331145,3.280902551378338
3,0.05,0.0,9,9.05761,0.7232254037599354,4,14,1.0,9.346666666666666,2.566415572133416,0.25,0.6789297658862876,,0.7463524130190796,0.9938696994038811,0.8814193980821702,3.678740762126726
3,0.05,2.0,0,10.027215,0.7647043880197388,4,14,1.0,10.146666666666667,3.201846689368843,0.27666666666666667,0.4916387959866221,,0.6453423120089786,1.0,0.7567630444438821,2.834350811710003
3,0.05,2.0,1,10.029810000000001,0.7611624406852848,4,14,1.0,10.24,2.6386360112755227,0.31333333333333335,0.6755852842809364,,0.6846240179573512,1.0,0.8761963468843823,2.80531485720473
3,0.05,2.0,2,10.104535,0.7654200720452821,4,14,1.0,9.916666666666666,2.9342328166357596,0.29333333333333333,0.6454849498327759,,0.6902356902356903,0.9913017169654338,0.8268896444657615,2.882075191571168
3,0.05,2.0,3,9.58175,0.7350201569757788,4,14,1.0,9.553333333333333,2.73138955275312,0.22,0.4280936454849498,,0.6049382716049383,0.9909849817071938,0.7372403631217113,2.9831324378974866
3,0.05,2.0,4,10.102465,0.7682847125839087,4,14,1.0,10.446666666666667,3.0822863087145054,0.31666666666666665,0.6254180602006689,,0.6756453423120089,0.9964058746028055,0.8337446755352972,2.8166307364033103
3,0.05,2.0,5,10.072434999999999,0.742788731303866,4,14,1.0,9.6,3.447704550373577,0.2966666666666667,0.5317725752508361,,0.6936026936026937,0.9624283471152042,0.8359628700921619,2.488242947396611
3,0.05,2.0,6,10.098175,0.755210269380363,4,14,1.0,10.12,3.477393660008407,0.22333333333333333,0.6387959866220736,,0.7115600448933782,0.9499985089759647,0.8821075737039656,2.6861856212578026
3,0.05,2.0,7,10.024254999999998,0.7356745903491025,4,14,1.0,10.183333333333334,3.7482959091061927,0.23,0.6287625418060201,,0.6419753086419752,0.9662849253737321,0.7865359193975863,2.572936834690268
3,0.05,2.0,8,10.032805,0.7868417885925824,4,14,1.0,9.92,2.872907934480324,0.23,0.5551839464882943,,0.7025813692480359,1.0,0.8133844294355931,2.745975909675749
3,0.05,2.0,9,9.916924999999999,0.7846191122308077,4,14,1.0,10.026666666666667,3.1505484531356687,0.22,0.5384615384615384,,0.6801346801346803,0.9905258188172952,0.8215226558236096,2.882616884666795
3,0.15,0.0,0,15.232994999999999,0.8650809142893581,4,14,1.0,15.593333333333334,4.452110610585601,0.32,0.5752508361204013,,0.6947250280583613,1.0,1.0156535849913213,3.7103272476125895
3,0.15,0.0,1,15.004100000000001,0.8649999714408575,4,14,1.0,14.94,5.1642747151302215,0.41333333333333333,0.6421404682274248,,0.6711560044893378,0.9770803039938002,0.9973811356544197,3.5591394975984065
3,0.15,0.0,2,14.837544999999999,0.870268206756012,4,14,1.0,15.363333333333333,4.3678357213715,0.43333333333333335,0.6187290969899666,,0.7025813692480359,1.0,1.054612786373989,3.7868165317146123
3,0.15,0.0,3,14.856349999999999,0.8627356746120672,4,14,1.0,15.14,4.136874826887239,0.4,0.5886287625418061,,0.6879910213243546,1.0,1.036190594346875,3.001391745449709
3,0.15,0.0,4,14.996925000000001,0.8614521282439984,4,14,1.0,14.733333333333333,4.558021013066477,0.3466666666666667,0.5986622073578596,,0.7205387205387206,0.9967858826074526,1.013412714797506,3.494852455472246
3,0.15,0.0,5,14.788260000000001,0.8508906754627451,4,14,1.0,14.69,4.779180543426526,0.36,0.5384615384615384,,0.7115600448933783,0.9776222080634315,1.04176081871276,3.3777170863816814
3,0.15,0.0,6,14.962865,0.8687434125581163,4,14,1.0,14.553333333333333,4.7089088143881295,0.34,0.6488294314381271,,0.6980920314253648,0.9967390611047328,0.9938173643893181,3.3374478501880067
3,0.15,0.0,7,14.795205,0.8490326942053126,4,14,1.0,14.89,4.852274380810165,0.3566666666666667,0.46153846153846156,,0.7059483726150392,0.9906201483525962,1.029762533663931,3.484442898074098
3,0.15,0.0,8,15.08175,0.8755505298455047,4,14,1.0,14.886666666666667,4.777079535541447,0.29333333333333333,0.5518394648829431,,0.7126823793490461,0.9629671093021428,1.07223827622425,3.612667352565111
3,0.15,0.0,9,14.657735,0.8729769847068833,4,14,1.0,13.676666666666666,4.739773787382216,0.37333333333333335,0.5752508361204013,,0.6767676767676768,0.9743437390496213,0.9686992217769256,3.3629883176603124
3,0.15,2.0,0,14.941775,0.8486152767769649,4,14,1.0,14.26,4.89684252010075,0.33666666666666667,0.5986622073578596,,0.7003367003367003,1.0,0.9842995357331428,2.9151179358431634
3,0.15,2.0,1,14.970775,0.8445392436453348,4,14,1.0,15.81,4.491536485435691,0.41333333333333333,0.7759197324414716,,0.68013468013468,1.0,1.0098318259075294,2.7657894229323667
3,0.15,2.0,2,15.078064999999999,0.8783637747518541,4,14,1.0,14.886666666666667,4.244269339029065,0.38333333333333336,0.6555183946488294,,0.7115600448933783,1.0,1.0375645130809794,3.087287771121794
3,0.15,2.0,3,14.778904999999998,0.8747812414213113,4,14,0.9464882943143813,15.26,4.408975693589914,0.3,0.45819397993311034,,0.6790123456790124,0.9963280170283166,0.9772130557069496,2.8477604391625824
3,0.15,2.0,4,14.628,0.8398022631123923,4,14,1.0,14.413333333333334,5.036118434755967,0.37333333333333335,0.5518394648829431,,0.6790123456790124,0.9679180399416077,1.0143324633521424,3.1385583680319886
3,0.15,2.0,5,14.883845,0.8304316941314847,4,14,1.0,15.126666666666667,5.0329536280619775,0.24333333333333335,0.5652173913043478,,0.7003367003367004,1.0,1.0147524335891307,2.971379387537729
3,0.15,2.0,6,15.221325,0.8690645524541506,4,14,1.0,14.543333333333333,4.7883318830488575,0.32,0.568561872909699,,0.7182940516273849,1.0,1.0157081465941162,2.944229954252871
3,0.15,2.0,7,14.863560000000001,0.8482794166090474,4,14,1.0,15.723333333333333,4.335141930266593,0.33,0.6287625418060201,,0.6958473625140291,1.0,1.037030133682345,2.749825310178796
3,0.15,2.0,8,14.853084999999998,0.8654219883696684,4,14,1.0,14.646666666666667,5.04266684294024,0.3466666666666667,0.6555183946488294,,0.712682379349046,0.9785199568739459,1.0689895539287673,3.0474977234415292
3,0.15,2.0,9,14.961055,0.8619465797840183,4,14,1.0,14.08,5.182045928009515,0.24333333333333335,0.6488294314381271,,0.6992143658810326,0.981764325374873,0.9746555872939684,3.22197265175841
5,0.05,0.0,0,9.528205,0.6875628760477861,4,14,1.0,9.723333333333333,3.450621522115819,0.19666666666666666,0.6053511705685619,,0.7865319865319866,0.9723760401500936,0.8796758862298173,2.384209023637822
5,0.05,0.0,1,9.81277,0.7002414504540685,4,14,1.0,9.236666666666666,3.485300879726487,0.19,0.6722408026755853,,0.7872053872053872,0.9661694861657308,0.8463934852524909,2.3886366208679775
5,0.05,0.0,2,9.750110000000001,0.7178799248511903,4,14,1.0,10.026666666666667,3.8304858989718555,0.26666666666666666,0.6588628762541806,,0.775084175084175,0.9826718886337023,0.8435028323935037,2.606126143736138
5,0.05,0.0,3,9.633094999999999,0.6930015734676497,4,14,1.0,9.246666666666666,4.082379480428322,0.21,0.5618729096989966,,0.7784511784511784,0.9448244375980508,0.8163114267156242,2.410175756080562
5,0.05,0.0,4,9.885354999999999,0.7347044534937156,4,14,1.0,9.756666666666666,3.6273207130822547,0.21,0.6822742474916388,,0.795959595959596,0.9385085030920237,0.9149390135993702,2.6390841914433567
5,0.05,0.0,5,9.72553,0.7023864533337386,4,14,1.0,9.48,3.482757528166438,0.2833333333333333,0.6053511705685619,,0.7481481481481481,0.9780816748153607,0.7953841001831853,2.560547172046995
5,0.05,0.0,6,9.610619999999999,0.7087139994685895,4,14,1.0,9.406666666666666,3.148749310793449,0.24666666666666667,0.5050167224080268,,0.7730639730639731,1.0,0.7932623499011554,2.5088443978653205
5,0.05,0.0,7,9.801695,0.6971742692960812,4,14,1.0,10.05,3.771052019441436,0.2866666666666667,0.6989966555183946,,0.7670033670033669,0.9723623738622784,0.8668702664162129,2.4518664838700177
5,0.05,0.0,8,9.84555,0.7344689284535569,4,14,1.0,9.41,3.503602907484428,0.22,0.6086956521739131,,0.78989898989899,0.9799230718246956,0.8423857861305976,2.634107148296811
5,0.05,0.0,9,9.521375,0.712357597677837,4,14,1.0,9.763333333333334,3.88509831135441,0.24333333333333335,0.6789297658862876,,0.7845117845117846,0.979363980212862,0.8366319188872939,2.493260720928886
5,0.05,2.0,0,11.477709999999998,0.8223286841804581,4,14,1.0,11.463333333333333,3.8507993398196634,0.3333333333333333,0.6421404682274248,,0.7892255892255893,0.9929624478684638,0.9875511140560335,1.7318155133937778
5,0.05,2.0,1,11.755835000000001,0.8540063280370317,4,14,1.0,11.77,3.152316608464321,0.44666666666666666,0.6789297658862876,,0.8094276094276095,1.0,1.0570301377621194,1.95659446151619
5,0.05,2.0,2,11.605459999999999,0.8589049665011372,4,14,1.0,11.413333333333334,3.7259212134570006,0.35333333333333333,0.7424749163879598,,0.7925925925925925,0.9865291009788564,1.019352187330799,1.9106121966552283
5,0.05,2.0,3,11.806935000000001,0.8411718385322224,4,14,1.0,11.716666666666667,4.012861267917887,0.42,0.7290969899665551,,0.806060606060606,0.9830288580236614,1.0277879061219912,1.9361843423102414
5,0.05,2.0,4,11.510869999999999,0.8598595585083122,4,14,1.0,11.746666666666666,3.8152093287553988,0.38,0.7324414715719063,,0.81010101010101,0.9799193816435195,1.0484764393056025,1.942747444219012
5,0.05,2.0,5,11.380675,0.8195225536333604,4,14,1.0,11.19,3.4622584151581366,0.3233333333333333,0.6956521739130435,,0.7919191919191919,0.9964571810569364,1.0030680233445701,1.7524453539232034
5,0.05,2.0,6,11.814044999999998,0.8609536922770403,4,14,1.0,11.876666666666667,3.560166974860714,0.35333333333333333,0.6488294314381271,,0.8087542087542088,1.0,1.0399439756563393,1.9103600295483165
5,0.05,2.0,7,11.82198,0.8483117574938941,4,14,1.0,12.053333333333333,3.184936768951971,0.5366666666666666,0.68561872909699,,0.8127946127946128,0.9966347216147172,1.0811626055025532,2.0135395322476595
5,0.05,2.0,8,11.64198,0.8861568197709712,4,14,1.0,11.56,3.002176987898393,0.45666666666666667,0.6454849498327759,,0.8006734006734006,0.9905179662721405,1.059156535005204,1.9872163207287499
5,0.05,2.0,9,11.829735000000001,0.8739299229700168,4,14,1.0,11.936666666666667,3.6841085157138838,0.38,0.7759197324414716,,0.8047138047138048,0.9897974928614974,1.0463532964424016,2.0005115245309084
5,0.15,0.0,0,14.757850000000001,0.8894434707021591,4,14,1.0,15.24,3.6307574967215865,0.4266666666666667,0.5518394648829431,,0.8289562289562289,1.0,1.212937537596204,2.6674949700234025
5,0.15,0.0,1,15.246055,0.8696179644981302,4,14,1.0,14.293333333333333,4.845680780057868,0.38666666666666666,0.6120401337792643,,0.8074074074074075,0.9834906214152112,1.1332360104473693,2.51839237784672
5,0.15,0.0,2,14.966625,0.8774822525905857,4,14,1.0,14.556666666666667,4.115028013945416,0.43333333333333335,0.6354515050167224,,0.8363636363636365,0.9934862588120404,1.2007353634359006,2.5307384805045396
5,0.15,0.0,3,14.805735,0.8584992280782668,4,14,1.0,15.22,4.409640952881916,0.44,0.6020066889632107,,0.8289562289562291,0.990298774025482,1.1855246437201925,2.8198397068335357
5,0.15,0.0,4,15.085795000000001,0.8756575934615489,4,14,1.0,15.52,3.733130946895202,0.44,0.6454849498327759,,0.7932659932659932,1.0,1.1576619682922717,3.0259894128087605
5,0.15,0.0,5,14.855755,0.8588422347123937,4,14,1.0,14.443333333333333,5.08266225078507,0.27,0.6488294314381271,,0.8067340067340067,0.9865157856290464,1.0862419062886597,2.594729627737693
5,0.15,0.0,6,15.077925,0.8767505159277645,4,14,1.0,15.213333333333333,4.48268768585197,0.35,0.5652173913043478,,0.7771043771043772,0.9898455779125156,1.117952650408458,2.86778539989354
5,0.15,0.0,7,15.02107,0.8533669939196389,4,14,1.0,15.423333333333334,4.532562434453851,0.30333333333333334,0.6287625418060201,,0.767003367003367,0.9898389768733893,1.0860749387727306,2.8074648236829445
5,0.15,0.0,8,14.769195,0.8905282310354835,4,14,1.0,14.73,4.358566278032261,0.44666666666666666,0.6688963210702341,,0.8148148148148149,0.9867112214734087,1.1637703672999569,2.847340551089959
5,0.15,0.0,9,14.96722,0.8672488159170635,4,14,1.0,15.14,4.779163106653716,0.30333333333333334,0.6387959866220736,,0.8296296296296296,0.9837891383279244,1.1716167987019572,2.774407751645451
5,0.15,2.0,0,15.54341,0.8651810253170679,4,14,1.0,15.876666666666667,4.516797046088695,0.3933333333333333,0.6086956521739131,,0.8188552188552188,0.9933571944538331,1.2192305549957716,2.1744479379388246
5,0.15,2.0,1,15.435145,0.8447961358629471,4,14,1.0,15.316666666666666,4.960818704833127,0.3233333333333333,0.7491638795986622,,0.820875420875421,0.9933714976859255,1.1634731790724602,2.004987347825942
5,0.15,2.0,2,15.414125,0.8412467690221536,4,14,1.0,15.346666666666666,5.146502588058117,0.37333333333333335,0.6488294314381271,,0.8410774410774412,0.9780888766046312,1.1996405468523084,2.1807270909294494
5,0.15,2.0,3,15.175325,0.8492732668794469,4,14,1.0,14.5,5.031567018997825,0.3,0.6722408026755853,,0.8377104377104377,0.9782315680396609,1.1620577181633716,2.1052181911173813
5,0.15,2.0,4,15.207009999999999,0.8467034357713915,4,14,1.0,15.063333333333333,4.700991621160606,0.26,0.5986622073578596,,0.8202020202020203,1.0,1.150764342555561,2.1924958698722006
5,0.15,2.0,5,15.47077,0.8269198180339002,4,14,1.0,16.096666666666668,5.158228593443899,0.21666666666666667,0.7090301003344481,,0.82020202020202,0.9792692982138403,1.1762223174633835,2.055046743588814
5,0.15,2.0,6,15.560720000000002,0.835483490419707,4,14,1.0,15.6,4.110150037812894,0.3933333333333333,0.6923076923076923,,0.8276094276094277,0.9902234979269426,1.19640295970284,2.22501254695928
5,0.15,2.0,7,15.213265,0.8395675887433518,4,14,1.0,14.9,4.571287200195003,0.32,0.6789297658862876,,0.8262626262626263,0.9935049672549672,1.1690122336758546,2.0571185137838506
5,0.15,2.0,8,15.268925,0.8603395105838344,4,14,1.0,15.21,4.8200172890422985,0.31666666666666665,0.6822742474916388,,0.8282828282828284,0.9740905400615187,1.216059539501302,2.2245880056785343
5,0.15,2.0,9,15.55611,0.882264876347685,4,14,1.0,15.543333333333333,4.160303140664418,0.42,0.68561872909699,,0.8531986531986533,0.9875479774707003,1.2431712999429134,2.3906444012275907
