wallet,n_fills,maker_share,two_sided,volume,markout_1,realized_spread_1,markout_10,realized_spread_10,markout_60,realized_spread_60,volume_share,is_mm
0x469e9a7f624b04c24f0e64edf8d8a277e6bf58a5,670,0.7686567164179104,0.08737864077669903,15027029.64,0.6157036728273106,1.2314073456546213,16.302703175586547,32.605406351173094,17.68684640664763,35.37369281329526,0.07038369658815524,False
0x5323b92268b4e140ac2133c677e991cd9ad1b23c,2221,0.18505177847816298,0.31143552311435524,8985560.9385,5.5965298334404086,11.193059666880817,2.088437133015657,4.176874266031314,25.973240614066114,51.94648122813223,0.042086627225802385,False
0x8591a1dcc39e348e9741df5ae3cf89c070c0905f,5780,1.0,0.45363321799307954,8873635.3428,0.25196415620617263,0.5039283124123453,0.5257651178865325,1.051530235773065,0.6165317343324179,1.2330634686648358,0.04156238941188155,True
0xf5d81a135f756ca16544e53c20fc20643ec3ad53,10373,0.22115106526559336,0.48299912816041846,7945460.8179,0.01219524872476097,0.02439049744952194,0.2062035871124288,0.4124071742248576,-0.20556971833506557,-0.41113943667013114,0.03721499969438733,False
0xecb63caa47c7c4e77f60f1ce858cf28dc2b82b00,2591,0.9976842917792358,0.06150870406189557,7728210.078199999,0.01989348900645491,0.03978697801290982,0.09392498343039357,0.18784996686078714,0.3049441709889024,0.6098883419778048,0.036197439304016185,False
0xaf68caebaa151dd592112a07e2344b3950e13561,2111,1.0,0.472761724301279,7474988.1485,0.3651941420315437,0.7303882840630874,0.9668399329176717,1.9336798658353433,1.4132644274274386,2.8265288548548773,0.035011396826131524,True
0xa6a1140c06c35619038823f58a54f25eb33c29eb,2284,0.9369527145359019,0.35233644859813085,6546459.422300001,-0.5603209961264157,-1.1206419922528315,-1.523801555856004,-3.047603111712008,-2.0361827887440396,-4.072365577488079,0.030662348098345355,True
0xe77cdee1aa1affa10231654fe438b63ab0ab15db,473,0.8921775898520085,0.0,6369778.515000001,-2.7173574859367133,-5.434714971873427,-11.013376839735844,-22.02675367947169,-31.522930924967635,-63.04586184993527,0.029834808945882273,False
0x7b7f72a28fe109fa703eeed7984f2a8a68fedee2,1998,0.535035035035035,0.4331150608044902,5945756.3948,-0.8387195136570601,-1.6774390273141202,-0.4188282026484157,-0.8376564052968314,-0.620673558392833,-1.241347116785666,0.027848771454122647,False
0xa775d1bd91ee2cc4cae6113e5fd9c0c17b355277,5599,0.88622968387212,0.4598952035469569,5480486.0251,0.4240078317347989,0.8480156634695978,0.7970335242754892,1.5940670485509785,0.9540233316318896,1.9080466632637791,0.025669535150145837,True
0x7a5a42bd6b1fd13368732be8a7b63e06064e0394,785,1.0,0.23566878980891715,5363692.429599999,1.246733484789169,2.493466969578338,1.3070682825254394,2.6141365650508788,8.133179531593616,16.26635906318723,0.025122496567934603,False
0xbeccae9ffcb69e9d42a1d4e744abf8056149562d,1257,0.9180588703261734,0.4194107452339688,5010085.3774,0.23223268407511963,0.46446536815023926,0.6318069606060726,1.263613921212145,0.8106707299002082,1.6213414598004163,0.02346626961758457,True
0x621c5551678189b9a6c94d929924c225ff1d63ab,166,0.9939759036144579,0.48484848484848486,4983736.8265,0.2525003830507191,0.5050007661014382,0.5560822396855638,1.1121644793711276,3.3505998952824148,6.7011997905648295,0.02334285810802405,True
0x7e1ad5e2bbe30d6d202e7c41036ea0a07c560be9,959,0.3806047966631908,0.0,4931309.675799999,-0.5471289806835367,-1.0942579613670733,-2.2867151499807266,-4.573430299961453,-13.116061801481418,-26.232123602962837,0.023097299487574666,False
0x39475d17bcd20adc540e647dae6781b153fbf3b1,162,0.9938271604938271,0.422360248447205,4892386.3577000005,0.11495367604772286,0.22990735209544572,-0.811967885811957,-1.623935771623914,0.02917085875721691,0.05834171751443382,0.022914990203771687,True
0x8f63c88fccae90c1f9eb8b447f830bce7b71dd74,814,0.9852579852579852,0.4488778054862843,4343159.9187,0.26402205457836386,0.5280441091567277,0.37215873699051016,0.7443174739810203,-0.5454603432424646,-1.0909206864849292,0.02034251993074646,True
0x023a3d058020fb76cca98f01b3c48c8938a22355,1640,1.0,0.42439024390243907,4299547.890799999,-0.025234989494745702,-0.050469978989491404,-0.2220876578261573,-0.4441753156523146,-0.18241675353697667,-0.36483350707395334,0.020138249638290456,True
0x34fb5ec7d4e939161946340ea2a1f29254b893de,107,1.0,0.4485981308411215,4264938.8057,0.28720415041109854,0.5744083008221971,0.26272981707373994,0.5254596341474799,-0.20146038898014482,-0.40292077796028963,0.019976147386333232,True
0x7fdafde5cfb5465924316eced2d3715494c517d1,940,1.0,0.1712765957446809,3852275.5592,-0.3898420616834998,-0.7796841233669995,-0.7421651086140076,-1.4843302172280153,-1.1625206341735086,-2.325041268347017,0.018043312659140987,False
0x5306cb5adfbaf940ce3dba0ac41d903dc70a766e,904,0.4745575221238938,0.2564102564102564,3791243.9348,0.75245306942045,1.5049061388409,0.6012931630879469,1.2025863261758938,-3.8588193435500306,-7.717638687100061,0.017757452350286772,False
0xb4d6fe0f1504a55c65a986ef55b9148a6f0dae7a,1123,1.0,0.3846838824577026,3716935.1737,1.9907959051606368,3.9815918103212735,5.651818597098355,11.30363719419671,4.272033495109555,8.54406699021911,0.017409404504478164,True
0xaf9f722a676230cc44045efe26fe9a85801ca4fa,151,0.9933774834437086,0.48,3555921.4016000004,0.0542358016172286,0.1084716032344572,-0.036849670729360566,-0.07369934145872113,-0.2521901425518856,-0.5043802851037712,0.016655247179078708,True
0xf9109ada2f73c62e9889b45453065f0d99260a2d,705,0.9475177304964539,0.47305389221556887,2600279.4824,-0.08991151476128306,-0.17982302952256612,-0.212444673481089,-0.424889346962178,1.073163566024747,2.146327132049494,0.012179205506221851,True
0xe2990ce029db870c805e90a1a8a1d8a1c52255d6,183,0.6939890710382514,0.31496062992125984,2368083.3737999997,1.9180094181598553,3.8360188363197105,4.619470086096242,9.238940172192484,-7.248408266298946,-14.496816532597892,0.011091643902353692,False
0x4a20b9496610941053858bd0b7e92493f44c3c26,283,1.0,0.0,2326400.0,0.05766650498237551,0.11533300996475102,-3.191015919111441,-6.382031838222882,-3.9518021983930427,-7.903604396786085,0.01089640705218469,False
0x5986347c1d0133d02d307f08bb1efd44c2eb89d9,254,0.9212598425196851,0.0,2207189.3,-0.07567629836293722,-0.15135259672587445,-0.6246992313869535,-1.249398462773907,-5.116971724768226,-10.233943449536453,0.010338047220609776,False
0x90a5ecd614f3d1388e8ff6833d5dcb18055ab35a,366,1.0,0.5,2176021.5592,1.2130684572111448,2.4261369144222895,-2.247933596790244,-4.495867193580488,19.10793793439308,38.21587586878616,0.01019206355887758,True
0x66aec3752ac8c7e817708ea13a40942dd31b0a30,440,1.0,0.44772727272727275,2139613.1602000003,1.1000152462458654,2.200030492491731,0.915717575134409,1.831435150268818,0.305422613485605,0.61084522697121,0.010021533669081177,True
0x5b52403396a365f9f7e33e87488564017e1f97a8,389,1.0,0.4267352185089974,2125337.5157999997,0.3357318677541533,0.6714637355083066,-1.1949237361981702,-2.3898474723963403,1.8659978462068507,3.7319956924137014,0.009954669315438362,True
0xe1fa3c336d43a3b2e8934fe0bd0492124c3e4d81,420,1.0,0.45476190476190476,2111384.4619,0.7621840428050093,1.5243680856100186,0.6455894624451707,1.2911789248903414,1.8415805488424277,3.6831610976848554,0.009889315913222289,True
0x1db0a25e24de6a69f466fd04a9963c41fe60182e,394,1.0,0.47715736040609136,2079016.217,0.10854385075896379,0.21708770151792758,-0.03660416023079388,-0.07320832046158776,3.5570381326560234,7.114076265312047,0.009737709322784187,True
0x7684d0c6d84d22b481ef3d2587c475f878836e51,363,1.0,0.4683195592286501,2060808.1531999998,0.8413460074431202,1.6826920148862403,0.4213807296428148,0.8427614592856296,-1.5612091858763428,-3.1224183717526857,0.009652426278253173,True
0x0cf706aa8d7260e3cd5fe0de11d7f3e899753e5b,420,1.0,0.48095238095238096,2038836.264,0.9282481882886153,1.8564963765772307,-0.37370496353839405,-0.7474099270767881,2.778957190755366,5.557914381510732,0.009549514204478802,True
0x4ef66df2067c588eb98896ede3a8e80f85aff085,402,1.0,0.4900497512437811,2023736.8560000001,0.39391106569218054,0.7878221313843611,-0.41893354252379195,-0.8378670850475839,-1.0711398192466428,-2.1422796384932856,0.009478791501669736,True
0x09c8a7efcc50995f45f7492c0ee0b0628cf500d0,401,1.0,0.49875311720698257,1975084.2114,0.36524393187338494,0.7304878637467699,0.5080102903718734,1.0160205807437468,-1.1046215934958867,-2.2092431869917735,0.009250911936794014,True
0x12f7aea21eed5461d30212ea771c4441656b8750,305,0.46229508196721314,0.0,1940805.3599999999,0.315208825847285,0.63041765169457,-4.970600715281394,-9.941201430562788,-4.588713099351245,-9.17742619870249,0.009090356435532085,False
0x0de52cf07a1c9f48e8a812cd5c1239688144664a,974,0.04722792607802875,0.08695652173913043,1600198.8331,1.061571134465428,2.123142268930856,1.58657061519848,3.17314123039696,-0.9580261054984599,-1.9160522109969198,0.007495021427909452,False
0xe3b3482482899b4890ec5a2093cba2a558d0c14f,1601,0.9775140537164272,0.46261980830670923,1505212.6171,0.5367842986580407,1.0735685973160813,1.0815890807585908,2.1631781615171817,2.013587557103703,4.027175114207406,0.007050124387897958,True
0x0873ca7cb967af8c35642d903a950d256c1701df,538,1.0,0.39033457249070636,1467808.9255,0.7708801362363682,1.5417602724727364,1.172682561853538,2.345365123707076,0.015501443705461892,0.031002887410923784,0.006874932740318874,True
0x24fb6523036ebcb3cc51deff138066dccf6bed0f,356,0.4887640449438202,0.0,1377536.0,0.0738494278706014,0.1476988557412028,-0.10824558327714903,-0.21649116655429806,0.1577203141920256,0.3154406283840512,0.0064521118401987135,False
0x2eddf3aa5c4df34f9263a98b564bec3b4ec78179,162,1.0,0.24691358024691357,1367990.3868999998,0.014048328847536892,0.028096657695073784,-0.003530946586026424,-0.007061893172052848,0.20962104948991814,0.4192420989798363,0.006407402037112284,False
0x325edd95bb016c36027ce3b9f7595af7094a9564,141,1.0,0.0,1164813.0347999998,-0.2311565859466504,-0.4623131718933008,1.6914878076049547,3.3829756152099093,7.589082658903204,15.178165317806409,0.005455758668703304,False
0x25773676902085225ae5751075e4161369334897,372,1.0,0.206989247311828,1149088.6729000001,0.7099021177731212,1.4198042355462424,0.6891507165954688,1.3783014331909376,2.33775653941354,4.67551307882708,0.005382108802859829,False
0x7ab12f7a0925ef24927343d47199e75a91fc78aa,49,1.0,0.061224489795918324,1139724.6555,-1.2564920863962086,-2.512984172792417,3.7853778058119203,7.570755611623841,51.4439642704928,102.8879285409856,0.0053382495588630355,False
0x7717a7a245d9f950e586822b8c9b46863ed7bd7e,1317,0.9696279422930904,0.3852779953014879,1132994.7381,-0.1834883471721038,-0.3669766943442076,-0.8586984378232889,-1.7173968756465778,-1.423456813774313,-2.846913627548626,0.0053067279291269705,True
0xe86b057f5eb764c9738d6b0d38170befd0723664,112,1.0,0.3482142857142857,1128274.6897,0.19585799073287427,0.39171598146574854,-0.15724756631206607,-0.31449513262413215,1.2334826764778357,2.4669653529556714,0.005284620136540823,True
0x6ba889db7f923622d3548f621ecc2054b80c1817,490,0.673469387755102,0.4090909090909091,1004480.3354,-0.07507222545582214,-0.15014445091164427,-0.06739020423229203,-0.13478040846458406,0.6651178427225606,1.3302356854451212,0.004704791355929075,False
0x72cb918356c4f6d3f1b2e532928110ba6995f139,348,0.25287356321839083,0.125,1003927.8904,4.279793793406579,8.559587586813159,1.3561719503911946,2.7123439007823893,37.18134486147059,74.36268972294118,0.0047022038105396565,False
0x8fb661545816bcb561f280c4501591643c454667,521,1.0,0.309021113243762,1003238.7315,2.471887482915277,4.943774965830554,3.028009829185258,6.056019658370516,10.175953823225948,20.351907646451895,0.004698975923719662,True
0xfc27136e42af1732ddc9ce2605ea9bff1b959d9d,113,0.7610619469026548,0.17441860465116277,937527.6944000002,0.2059275299493248,0.4118550598986496,-0.6181039200962024,-1.2362078401924048,9.879595512175618,19.759191024351235,0.00439119815202829,False
0x0efb38a5fa35325ed7524197c0c8ae942aa6d8dc,246,0.5772357723577236,0.34507042253521125,924845.5830000001,-0.8846564525708606,-1.7693129051417211,-14.239461206912573,-28.478922413825146,-27.99613546333473,-55.99227092666946,0.0043317975983421,False
0xfc667adba8d4837586078f4fdcdc29804337ca06,1060,0.6066037735849057,0.018662519440124425,915037.6947,-0.5308658235404328,-1.0617316470808655,-0.5422074675451016,-1.0844149350902033,1.5380476715866833,3.0760953431733666,0.004285859349013025,False
0x4e2d6465249145cab0a40eaa45ce8f7dc0abb504,276,1.0,0.39492753623188404,895087.2437999999,-0.7027727828434606,-1.4055455656869211,-1.57652062657994,-3.15304125315988,2.132868813496545,4.26573762699309,0.004192415300749173,True
0x2f58adc8b81f51b02acf65eff40d9f5bbb88bc9e,158,0.8227848101265823,0.0,828530.0,-0.3130485574695736,-0.6260971149391472,-0.2494920435729599,-0.4989840871459198,-1.2680863511892329,-2.5361727023784657,0.0038806740607576426,False
0x9946e6adf95809a5fc9b7f6f9f887c98e0000852,200,0.355,0.0,784676.9903000001,-0.1545334369652659,-0.3090668739305318,0.5459705245988675,1.091941049197735,1.7833242387706778,3.5666484775413556,0.0036752750562207607,False
0xbdb525a0755b92f2a546e5caf62ff60a8e770163,285,1.0,0.48771929824561405,764086.964,-0.37341914115499536,-0.7468382823099907,-0.46286615082413674,-0.9257323016482735,-4.149069332566572,-8.298138665133145,0.003578835360648207,True
0x0a06ec6754b628be489b2c40bba20c8580392a7b,242,0.2809917355371901,0.20588235294117646,740655.9634,1.9574486040776136,3.914897208155227,2.746642239312217,5.493284478624434,10.677002767184542,21.354005534369083,0.0034690890916585304,False
0xd071d6d6ea52f5aa34b79e47f908ee48c8215837,2362,1.0,0.4983065198983912,725731.2177,-0.3780763751562488,-0.7561527503124976,-1.5003893925462868,-3.0007787850925736,-1.0926932804314138,-2.1853865608628276,0.0033991844732362713,True
0xb2b1d1a7a034d9209a627e754ebb8d24988ca23a,279,1.0,0.4910394265232975,710907.7960999999,0.5097002880728725,1.019400576145745,0.10607665911408772,0.21215331822817543,4.295576366090951,8.591152732181902,0.003329754437275238,True
0xdd05138cdcfe227ac8ceae302a5037dfc1668f25,622,0.8971061093247589,0.08064516129032258,694546.6,1.029488752648422,2.058977505296844,-2.3641534856709465,-4.728306971341893,20.76512171526027,41.53024343052054,0.003253121763372979,False
0x92cbb22a9b9fc01da9914c9b39ed904dd61b859c,274,1.0,0.03649635036496346,677003.9654999999,-0.34759902812428034,-0.6951980562485607,-1.390845894422972,-2.781691788845944,-2.2771894221921976,-4.554378844384395,0.00317095546081121,False
0x8eff8ff863c1a54ec6697b7ad98fe30aa344bd5e,132,0.29545454545454547,0.0,659911.46,3.7157757496739157,7.431551499347831,-50.95610604085197,-101.91221208170394,33.681008257279295,67.36201651455859,0.0030908974753101333,False
0xe330ac756dabf22466317a01f5d1e9baa00e77a1,59,1.0,0.0,632261.4486,-0.9225426085426852,-1.8450852170853704,-11.315671666359918,-22.631343332719837,-21.27684363109135,-42.5536872621827,0.0029613901768180653,False
0x9266865bb6afb4c4f618544dd3b8c970f17aa664,796,0.9673366834170855,0.4935064935064935,622689.29,-0.33354865679248014,-0.6670973135849603,-1.1393122127272348,-2.2786244254544696,0.5577540249405278,1.1155080498810557,0.002916556039750635,True
0x9c575a602acb7a04dfa7c37fff770662a9a84341,270,0.3814814814814815,0.0,597838.4637,-0.26500805967755464,-0.5300161193551093,-5.980851671035371,-11.961703342070741,-8.851366275006972,-17.702732550013945,0.002800159582156095,False
0xd3943e40080322c21c65d94966d4212331302c92,105,0.5523809523809524,0.48275862068965514,572599.6632,4.270494871288504,8.540989742577008,-0.18211427727362098,-0.36422855454724196,22.04477686914774,44.08955373829548,0.002681945928546706,False
0x8a9db98ef7782695cc208e0c20e8dfca351b7e0e,87,0.7126436781609196,0.45161290322580644,567169.4194,-0.05672082716179087,-0.11344165432358173,-3.506536902510848,-7.013073805021696,-5.988988855455632,-11.977977710911263,0.0026565117182486483,True
0xa0b7020185b97f496f523c3f769eebcffcc56165,152,0.9407894736842105,0.3776223776223776,556764.926,2.7638715334390405,5.527743066878081,-2.2334180830876407,-4.466836166175281,11.5141273088396,23.0282546176792,0.0026077790861741257,True
0xc926ddba8b7617dbc65712f20cf8e1b58b8598d3,41,1.0,0.07317073170731703,517140.92840000003,-2.702446535254183,-5.404893070508366,3.3168986503751747,6.6337973007503495,25.859916861518258,51.719833723036515,0.002422187955291909,False
0x57002993f7e6939385852b15209bb86c8caff854,298,1.0,0.4530201342281879,498246.9242,0.26728515939962383,0.5345703187992477,-0.06207491080422136,-0.12414982160844272,2.0245214429188225,4.049042885837645,0.002333692098771583,True
0x0b1ace05eb9ef1c3a1951b763700ecad24f27741,354,0.9463276836158192,0.4149253731343283,489505.1342,0.8721334294897544,1.7442668589795087,0.513648034872979,1.027296069745958,4.721732856723438,9.443465713446876,0.002292747247411233,True
0x4e360be6e939c27923124e7788f549a1a9f1b795,148,0.49324324324324326,0.0,485648.4829,-0.9599661121447729,-1.9199322242895458,-3.2160153794407096,-6.432030758881419,-3.8843733315371085,-7.768746663074217,0.002274683439629623,False
0xca4903c207a0df58bf37d4bc8bbc5210726f53c8,1320,1.0,0.0,470018.42480000004,-0.45323442313994117,-0.9064688462798823,-1.1622933286819535,-2.324586657363907,-1.0558249246836622,-2.1116498493673244,0.002201475274521776,False
0x4e6b51c5f3e4b74c866e78983d335e9d7339b7d4,61,1.0,0.39344262295081966,453628.52249999996,-1.794004140929338,-3.588008281858676,-4.063986263164816,-8.127972526329632,-7.828492458824706,-15.656984917649412,0.0021247081463381706,True
0x4e614a1dc65a06d55203e55ac33b295a068d4684,124,1.0,0.4435483870967742,442001.2717000001,-0.306966344561448,-0.613932689122896,-0.23338770724985505,-0.4667754144997101,-1.8595269641145056,-3.719053928229011,0.0020702483554102826,True
0xf9d5aa669b007610c14b58073e54f1aa93adea26,181,0.5303867403314917,0.0,417476.92890000006,0.00905390502390938,0.01810781004781876,-1.2223829516625222,-2.4447659033250444,-5.401147344424131,-10.802294688848262,0.0019553810833005357,False
0x6e1d9ac48f065dd02997e5da3f0e2dfd9687cb9f,71,0.2535211267605634,0.0,404818.308,-1.1105558331942929,-2.2211116663885857,-4.16458437447919,-8.32916874895838,-9.995002498751004,-19.99000499750201,0.0018960905545670021,False
0x31dea2516beee92135b96f464eeec3cf292a13f2,735,0.33877551020408164,0.20883534136546184,389831.17429999996,-0.27724579199956956,-0.5544915839991391,-0.2809446597777413,-0.5618893195554826,1.0185450304321766,2.037090060864353,0.001825893722835264,False
0x537f652cf5b2326d229bab0c684579d4cfea1584,162,0.5308641975308642,0.15116279069767447,368590.9337,-0.34011451598363185,-0.6802290319672637,-1.6105144696533977,-3.2210289393067955,-8.206921143663536,-16.41384228732707,0.001726408549406817,False
0xa175cdfea874e94fccae4a9cfc05bf2325401932,53,1.0,0.16981132075471694,366443.1858,0.6023902426930592,1.2047804853861184,1.6651437031316358,3.3302874062632717,-24.416093852470162,-48.832187704940324,0.0017163489141919462,False
0x2ac4641985412e7436d57585faad13d04717746e,97,0.6082474226804123,0.06779661016949153,365938.3326,-0.36387975965156133,-0.7277595193031227,0.046986074653579284,0.09397214930715857,2.540387861512524,5.080775723025048,0.001713984279576748,False
0x98eadc9dc42156f68cbf7d007d084bbf142bc0e3,339,1.0,0.45722713864306785,358545.591,-0.31825904657781234,-0.6365180931556247,-3.8994413082718227,-7.798882616543645,16.905012299100168,33.810024598200336,0.001679358109655316,True
0x6653cbb797ec163d16b8178d2fe4e6d9210a8d0c,286,1.0,0.46853146853146854,342453.1499,0.38624493326393394,0.7724898665278679,-0.40047374514283207,-0.8009474902856641,5.135059649781898,10.270119299563795,0.0016039842321239773,True
0x24823a7f711a39e93b1a5a556637d9da96620e55,49,1.0,0.0,327713.328,0.034560818400197396,0.06912163680039479,-0.518412276002347,-1.036824552004694,3.283277748017721,6.566555496035442,0.0015349457609672085,False
0xaca2dda8eb0469f16b9624d65e5ddabd58989177,88,1.0,0.34090909090909094,313777.5457,-0.4378378125054166,-0.8756756250108332,-1.2335858419890053,-2.4671716839780107,0.19960881703041303,0.39921763406082605,0.0014696732555805896,True
0x0bcde2b0e3795daa6b3b5fa6d3e52550bbfe101e,35,0.7714285714285715,0.0,291555.0,-5.764434154888742,-11.528868309777485,-7.796717242670329,-15.593434485340659,-13.682179451062025,-27.36435890212405,0.001365587155304207,False
0x71d0e11ebb6150cebe20cf62f798be1a50108c26,40,0.9,0.08333333333333337,289757.58119999996,0.634234522831895,1.26846904566379,0.6503024050377367,1.3006048100754735,6.1639008052184385,12.327801610436877,0.001357168393746414,False
0x7f3bbacb671ba15306b35f62b367a4f0d536d1c1,96,1.0,0.36458333333333337,287521.41359999997,0.13194754901299488,0.26389509802598976,0.745829942311787,1.491659884623574,1.524116084165198,3.048232168330396,0.0013466946177807559,True
0x4e214fd93b634b89e84d802b3ab8fa0c411c8fb3,261,1.0,0.421455938697318,287370.209,0.2964198113087296,0.5928396226174591,-0.14970573255977257,-0.29941146511954514,2.6825780447463585,5.365156089492717,0.001345986404717756,True
0xc6e17525c730e379758ebd423c84ab794cc1b56a,321,1.0,0.4049844236760125,286391.7303,-0.33629837307741944,-0.6725967461548389,-1.1981618647138501,-2.3963237294277002,-1.707705158800988,-3.415410317601976,0.0013414033999863718,True
0x07fd7e702ba749ffa49c3a6c17fcd9e6c7b7082a,38,1.0,0.4473684210526316,280032.508,0.17951856283638556,0.35903712567277113,0.35205914189436494,0.7041182837887299,3.819670453828886,7.639340907657772,0.0013116180343071548,True
0xd81d0643e36fd4342d3f0807e4b186f33f717b2b,210,1.0,0.36666666666666664,275613.0027,0.6417288527816966,1.2834577055633931,-1.6977246978781426,-3.3954493957562852,6.360116497506591,12.720232995013182,0.00129091792739601,True
0x382441a52664e4965cdb0ba092104fd1fd00ffa0,77,0.6103896103896104,0.0,270187.4991,0.01837833268088581,0.03675666536177162,-1.488644947153448,-2.977289894306896,-4.741609831672979,-9.483219663345958,0.00126550591927673,False
0xaf2ac71f62f341e5823d6985492409e92c940447,228,0.7543859649122807,0.4476744186046512,265695.2925999999,-0.618471340628064,-1.236942681256128,-3.7308909574746276,-7.461781914949255,18.09894214645705,36.1978842929141,0.0012444652940246362,True
0x57cfc9e74f6bc6e0d69433acc7391a230eea9797,87,0.26436781609195403,0.0,265450.5707,1.023620032244399,2.047240064488798,-2.3397029308429818,-4.6794058616859635,98.55998596178303,197.11997192356606,0.001243319064039688,False
0x65c4b6b703ccd210bd546bd68008fc5f321f7b0d,167,0.6646706586826348,0.0,258501.45,-4.279420566396757,-8.558841132793514,-3.422456181560067,-6.844912363120134,1.8943891889091975,3.788778377818395,0.0012107707284989546,False
0x4cd1a752edf6b31b395f87c42375d2b2340feb1d,88,0.7727272727272727,0.014705882352941176,249399.5984,-0.14893170949965806,-0.2978634189993161,-0.3601627509334473,-0.7203255018668946,-0.9569895970018995,-1.913979194003799,0.001168139418336395,False
0xaf08637ef9cb057ec79822d4244068404a80ef9d,215,1.0,0.40930232558139534,245749.89250000002,0.5934522528739078,1.1869045057478156,0.501962156596373,1.003924313192746,6.805881611607629,13.611763223215258,0.0011510449027298097,True
0x47e685ad40d259e5c7a81dcfed4198749e7f0dc9,89,0.6741573033707865,0.4,243428.4267,-0.283543936804752,-0.567087873609504,-3.57929855478421,-7.15859710956842,-8.665107626236678,-17.330215252473355,0.0011401716065148314,False
0x90cc9850f850bb51a2cc6054a8a57246c02b40ed,44,1.0,0.36363636363636365,242721.51049999997,0.2907273156889676,0.5814546313779352,1.2925868205350206,2.585173641070041,0.38114501362924236,0.7622900272584847,0.0011368605479406464,True
0x51f63885534cb494f4592a0311551f369bff2b39,80,1.0,0.08750000000000002,228824.75530000002,-0.19332033218308775,-0.3866406643661755,-0.4524713785399238,-0.9049427570798476,0.7862288984087752,1.5724577968175504,0.0010717708379321509,False
0x5b5a389ab71161bf008169484315d9ad1e7315e0,85,1.0,0.48235294117647054,224721.69370000003,0.4207600295793168,0.8415200591586336,1.4789050961834151,2.9578101923668303,8.092398395183212,16.184796790366423,0.0010525528920269807,True
0x0f83a7bf2ea16c7d8c90e3aa4ca0c8e58a83c9ea,51,1.0,0.0,220129.4071,0.19968709859544992,0.39937419719089984,-3.8213614342208926,-7.642722868441785,-10.98804658949289,-21.97609317898578,0.001031043510968739,False
0x1700acdd94010de35087b45b601d0e1b90c2697f,1176,0.7414965986394558,0.2557339449541285,220069.0191,-0.40136083009105206,-0.8027216601821041,-1.4591826185715617,-2.9183652371431235,-1.5990559836405338,-3.1981119672810676,0.0010307606652719254,False
0x83f61fc18d16df1fcc70af418d9817dc13111b9c,79,0.5569620253164557,0.0,217803.8015,0.01912426180350417,0.03824852360700834,0.3060316494290593,0.6120632988581186,2.4287812490439964,4.857562498087993,0.0010201508247323049,False
0xd5e2d6768e3d008be577460bec8e962a7cf0714d,77,1.0,0.36363636363636365,216578.82120000003,0.28837186133424103,0.5767437226684821,-0.41295547852962294,-0.8259109570592459,-0.5098952533460713,-1.0197905066921427,0.001014413254245842,True
0xf36c562be0598b8ce109998b6aa2d53ffcd8316b,163,1.0,0.4601226993865031,207053.1231,0.13569796955523836,0.2713959391104767,-0.6017765451441599,-1.2035530902883198,1.7847590628350527,3.5695181256701054,0.0009697967291625278,True
0x308ac0b8de9699b754e72a568f143d8856993336,54,0.5740740740740741,0.0,206875.0,-0.025747183080475276,-0.05149436616095055,-5.647122495129431,-11.294244990258862,-4.0122270756956935,-8.024454151391387,0.0009689624350587635,False
0xe76fd4b0280512cce263595ef0d7fcbd101941d5,57,1.0,0.0,201221.0824,3.8516353914016483,7.703270782803297,-0.6241333854074923,-1.2482667708149846,16.86116454072236,33.72232908144472,0.0009424805799998266,False
0x93273ee6e2c0992ef14813df9c59c190f483a8a0,44,1.0,0.45454545454545453,200935.54209999996,-1.8729604254534395,-3.745920850906879,-2.8435948890367135,-5.687189778073427,-1.4032702420637364,-2.806540484127473,0.0009411431645344709,True
0x4e60e3a4a32d63d245aa4e4ce304b4254b088f95,722,1.0,0.4570637119113573,198535.01150000002,0.033020637919361856,0.06604127583872371,0.22199460950946007,0.44398921901892013,-0.07367825557372926,-0.1473565111474585,0.0009298995441085662,True
0x33ad48ed92e3e91a98278f0f7456eae6eafa516e,174,1.0,0.40229885057471265,197253.86210000003,0.029956416016158467,0.05991283203231693,-0.12192277062289764,-0.24384554124579527,0.7323629369907019,1.4647258739814037,0.0009238988884358264,True
0x245ff3f11022a9d82f84af2b21aee4363baaf58d,48,0.08333333333333333,0.0,197168.397,-19.60784313725524,-39.21568627451048,-5.967604433076998,-11.935208866153996,-1.7050298380218263,-3.4100596760436526,0.0009234985864592291,False
0xa6babf41950e6d23523110ae50e5d3b21650ee54,56,1.0,0.42857142857142855,192228.46810000003,-0.517905010815861,-1.035810021631722,-0.5495529612987768,-1.0991059225975537,-1.1126274413512465,-2.225254882702493,0.0009003609161947644,True
0xb43b33c7bda44f86fb615d7620388bd973fa2859,31,1.0,0.0,182478.44029999996,-0.1431029607929636,-0.2862059215859272,-0.9481139132246659,-1.8962278264493317,16.995148497121686,33.99029699424337,0.0008546936742419972,False
0x30c817e6a639d4bf5f12ab4be610ae15a5eaa4cf,58,0.43103448275862066,0.0,181662.4404,-2.2546993019204336,-4.509398603840867,-11.448940755441686,-22.897881510883373,-42.078852911901194,-84.15770582380239,0.0008508716887429679,False
0x43a907c297b294fddc288d0563f6ba5bce42257f,32,1.0,0.3125,175096.8848,-1.1286768763455395,-2.257353752691079,-11.889002053268682,-23.778004106537363,-15.826163396236378,-31.652326792472756,0.0008201198978465827,True
0xc5c4515e7e95dabbabf4fc26e9f1f6558d0d1006,259,0.7722007722007722,0.29,173911.65300000002,-0.37854644298531914,-0.7570928859706383,-1.0240805322199684,-2.048161064439937,-1.9320860798128663,-3.8641721596257326,0.0008145685016361317,False
0xa70ac79d24b8ea7dc8899d6c2df26488130b4be9,148,1.0,0.32432432432432434,170909.6574,-0.5009105523625148,-1.0018211047250296,-1.179105316534076,-2.358210633068152,4.1628793096694485,8.325758619338897,0.0008005077356343832,True
0x645b2eeaa0a46df3c4211bebda1b2c7703e287b8,193,1.0,0.13989637305699487,170870.508,0.3441766025851324,0.6883532051702648,-1.035957640862373,-2.071915281724746,4.402309359440341,8.804618718880683,0.0008003243674267453,False
0xfb63339d682ccd7e0a12094642c200c03519520b,46,1.0,0.3695652173913043,155124.25340000002,-0.11173448198621125,-0.2234689639724225,-1.131912311734705,-2.26382462346941,-2.3449982754674834,-4.689996550934967,0.0007265719604163707,True
0xc1507d280c42fc5d0fb31ac448786675806d3499,249,0.19678714859437751,0.04081632653061224,153535.6959,-0.6176173094182567,-1.2352346188365133,-6.458724308508093,-12.917448617016186,-30.256544835185743,-60.513089670371485,0.000719131464738155,False
0x3559f8b0b9567c85bec20abb7cbb449b6a125649,52,0.75,0.3076923076923077,145026.8421,-1.883842779885631,-3.767685559771262,-4.037263835636091,-8.074527671272183,-12.322519786420425,-24.64503957284085,0.0006792776414264595,True
0x69d1652ae43f819e7518f732b2ea6b1a8ad00336,312,1.0,0.47115384615384615,141066.8082,-0.7630075491577483,-1.5260150983154965,-1.7287852020323782,-3.4575704040647564,-1.1466242929706256,-2.2932485859412512,0.0006607296095682879,True
0xcb50db667dab60bb6fba800dc6185135f1511955,57,1.0,0.33333333333333337,139387.11430000002,-0.0763232457707225,-0.152646491541445,-0.6160265705097377,-1.2320531410194755,-3.258842261386554,-6.517684522773108,0.000652862248642621,True
0x2ed0c557a2cdfe3f69768fc6ec037fb77c13093c,108,1.0,0.48148148148148145,139092.57559999998,-0.6217193210695067,-1.2434386421390133,-1.5915547453491168,-3.1831094906982336,-4.761483030538987,-9.522966061077973,0.000651482686414362,True
0x52afb9a675c2143ca82358d65eb55a6573c8c8b6,75,0.5866666666666667,0.2727272727272727,137703.49300000002,-0.6192819818518881,-1.2385639637037762,-3.1399652415811206,-6.279930483162241,-5.909270790004718,-11.818541580009436,0.0006449764925359633,False
0xe5b332046f15d66779e20eb0ab7cf5ee7fb59710,68,0.4852941176470588,0.0,135747.0336,-0.15254872048144247,-0.30509744096288494,-0.07662700345272974,-0.15325400690545948,-1.1664453384934943,-2.3328906769869886,0.0006358128156087482,False
0x6d46e0a6dcecd25b946e49c32f76a45c722cadca,33,0.5454545454545454,0.0,130922.5856,-2.3620953174934893,-4.724190634986979,-3.0056831056346587,-6.011366211269317,-4.320231709663065,-8.64046341932613,0.000613216035514999,False
0xeb473272fe8aff61d97fb974422966391f3c25be,2703,1.0,0.49204587495375507,129543.7825,-0.13274917751933082,-0.26549835503866165,-0.24778575543385828,-0.49557151086771656,-0.22738493537400642,-0.45476987074801284,0.0006067579888237962,True
0xec20af00058a295993c3c50fa06afdbbdafad20d,69,0.5072463768115942,0.3142857142857143,125708.11629999998,-0.31620133627866814,-0.6324026725573363,-1.4533651580788662,-2.9067303161577325,-3.234894152101886,-6.469788304203772,0.0005887924711864567,False
0x0eecd62efb05009e2b72964b4bcdbcf653afd4c5,686,0.8454810495626822,0.01379310344827589,125487.0811,0.06333305111225607,0.12666610222451213,0.13381456737519598,0.26762913475039196,3.443981320302858,6.887962640605716,0.000587757185116967,False
0x91db5065a7f1c7d95aa2de307c2feccf33cab866,47,1.0,0.3617021276595745,125301.59760000001,-0.39926475587574656,-0.7985295117514931,-0.30797780728847673,-0.6159556145769535,-2.373733015232852,-4.747466030465704,0.0005868884163250723,True
0x6adc6084b9765e0130a3cbff02af6f11edb0072d,40,0.45,0.0,120572.48000000001,0.37712743678045535,0.7542548735609107,1.4138681860475242,2.8277363720950484,-0.4767248904108009,-0.9534497808216018,0.0005647381453625333,False
0x8e6ed79c48944265fe5d004010c11cb28aa105b4,56,0.25,0.0,117500.0,-1.7629179331303908,-3.5258358662607816,-31.489361702128054,-62.97872340425611,-19.574468085106727,-39.14893617021345,0.0005503472440817147,False
0xb854f7f40f0f3e1801fb6d8828b6f6dd97ebf33b,30,1.0,0.43333333333333335,116113.69890000002,-0.0569173797403426,-0.1138347594806852,-1.5715262641867302,-3.1430525283734605,-8.546046522161198,-17.092093044322397,0.00054385407821063,True
0x39be44cd0b090cdc2c8b8aad58a1e8bd68efe0f8,39,0.5641025641025641,0.0,113445.516,0.0387771245986766,0.0775542491973532,-4.692032076437446,-9.384064152874892,0.0,0.0,0.0005313568262470473,False
0x3bc06479d66c25e2aa094af9505c1894dd8b0ae9,45,1.0,0.28888888888888886,106323.55200000001,-6.281886220715195,-12.56377244143039,-21.38471550700388,-42.76943101400776,43.49804782172813,86.99609564345626,0.0004979989261632246,False
0x5ad843a42407b906ea00412967cf84b9a78f9863,56,0.7857142857142857,0.0,101179.43,-5.798465825381923,-11.596931650763846,-3.992229469479408,-7.984458938958816,-7.105230034100481,-14.210460068200963,0.0004739048549639043,False
0x9277775de24e22ec82ad4df979b4f8963d6f03d1,36,0.25,0.0,100109.5466,0.0,0.0,1.0328929453410445,2.065785890682089,2.253584608016679,4.507169216033358,0.0004688937283198297,False
0x3ea47549cf9629e3bb80f100428c2ef3bd689f30,55,1.0,0.3090909090909091,97788.99999999999,-0.4754768100145388,-0.9509536200290776,-1.6356499138569176,-3.271299827713835,-5.120961081686694,-10.241922163373388,0.0004580247374596322,True
0x50a7f53a14a04d91b791e996b7d7a144ea93f053,44,0.22727272727272727,0.0,94596.6528,0.08434547908224448,0.16869095816448895,-0.2530364372473327,-0.5060728744946654,-3.626855600540228,-7.253711201080456,0.0004430724014283814,False
0xad8e1987833b692b59de004a25d0518af2ba94b6,222,1.0,0.4144144144144144,93941.05539999998,-0.9002399195874481,-1.8004798391748962,-1.7222409288609093,-3.4444818577218186,-1.4331218728110309,-2.8662437456220617,0.00044000171017461847,True
0x6f6bb4f3e145e6f1d62199dbd9b218a47d71b0a0,30,0.36666666666666664,0.0,91573.15650000001,-0.14647248280602865,-0.2929449656120573,-1.5891554678066782,-3.1783109356133563,6.07303957084033,12.14607914168066,0.00042891093031181756,False
0x2df22837da3f4fb34efb8c385af2d20501682431,148,1.0,0.44594594594594594,89613.0526,-0.36211923771731713,-0.7242384754346343,-0.07018561776791145,-0.1403712355358229,0.8420572639296328,1.6841145278592655,0.0004197301832524232,True
0x4b65b6db0e51d86d41cc0e09d4629a48cd477244,240,0.0125,0.0,89357.839,-8.53970964987142,-17.07941929974284,15.37147736977001,30.74295473954002,18.787361229718094,37.57472245943619,0.000418534812176575,False
0x414ade317cd254a970f97ec57185080a42f270b2,32,1.0,0.40625,89075.9967,-0.21150974014090146,-0.4230194802818029,-0.15504301698276068,-0.31008603396552137,-0.28889428746316415,-0.5777885749263283,0.00041721471742703754,True
0x98a3e154dd93bcfb31d14d45fc4f6e8d959f5cbd,36,0.2222222222222222,0.0,83978.5463,-1.6942665872423226,-3.388533174484645,0.6255386679568288,1.2510773359136576,-21.72820398724256,-43.45640797448512,0.0003933392469633504,False
0x5c6bd31ce4f49cd5bb0b728c156fbf6ee28d8810,41,0.6341463414634146,0.038461538461538436,82377.7206,-0.6196842582947503,-1.2393685165895005,-4.757107267131205,-9.51421453426241,-10.688420484559668,-21.376840969119336,0.00038584128941228504,False
0xa6727cd11f50e42232d147f6eb4122a373975661,387,0.06976744186046512,0.0,80106.38999999998,0.19176129492095978,0.38352258984191956,-2.179688703400002,-4.359377406800004,-11.127540159019564,-22.255080318039127,0.00037520281676455333,False
0xe2928de21308d23f2af823f1d310a85aa6169023,32,1.0,0.25,76873.2574,-0.45108400533488047,-0.9021680106697609,-1.2495430821430518,-2.4990861642861035,2.7692549451647013,5.5385098903294026,0.00036005944981850447,False
0x0291639ea7178930475da17b579e1ac2de8faed8,68,0.2647058823529412,0.4444444444444444,70464.93340000001,2.264927259083271,4.529854518166542,-4.822092411214695,-9.64418482242939,29.096306225465128,58.192612450930255,0.0003300441012858857,False
0x3bcae23e8c380dab4732e9a159c0456f12d866f3,1542,0.00324254215304799,0.0,69686.0,0.0026258650089958646,0.005251730017991729,-4.148558878249689,-8.297117756499379,0.3319192139145624,0.6638384278291248,0.00032639572809428397,False
0x2876292b7ee3a074ed6504d5addda019a534f70a,78,1.0,0.4871794871794872,59151.23180000001,-0.8963651221441195,-1.792730244288239,-0.1092181213566128,-0.2184362427132256,0.34524490702646016,0.6904898140529203,0.000277052914086542,True
0x395b4ef9ebf38a47cc28eaaaf74ee7f95b6031d4,34,0.6176470588235294,0.0,57907.3107,-0.6092201563193405,-1.218440312638681,-2.596599937042494,-5.193199874084988,-8.115291897841663,-16.230583795683327,0.00027122662856109435,False
0xf6e6b9beeaccdaa620327d5a7517610dfac46dff,46,0.15217391304347827,0.0,51792.842500000006,-2.5586353944563878,-5.1172707889127755,12.793176972281932,25.586353944563864,90.4051172707891,180.8102345415782,0.00024258764368538985,False
0x5fa3968b8f255076d1e23ae755fd93222e509627,449,1.0,0.4409799554565702,50117.2217,-0.2970717447837739,-0.5941434895675478,-0.09805577253185502,-0.19611154506371004,-0.10030801402538828,-0.20061602805077655,0.00023473936037129623,True
0xd782059de58ebe238592198b97f10e77a1eb6ca7,31,0.16129032258064516,0.0,47520.0,0.0,0.0,-0.8417508417512722,-1.6835016835025445,5.892255892255318,11.784511784510636,0.00022257447692564322,False
0x73588c0a7079c4243810c44dc4eac8ea118f5516,39,1.0,0.0,47041.5212,2.0137411765348814,4.027482353069763,-4.824158510600457,-9.648317021200914,-1.731042823713501,-3.462085647427002,0.00022033337489218345,False
0x2a767954b55264c1443b3fa634d4adb7d6059a53,74,0.4594594594594595,0.0,46652.38590000001,-2.2943410933874393,-4.588682186774879,-15.31288012275475,-30.6257602455095,-41.09031214197908,-82.18062428395817,0.00021851074050980126,False
0x2594e08791eb5db6b102cb4a0742cb5c40cef3f4,1148,0.029616724738675958,0.38235294117647056,45428.0647,-0.4519104789858771,-0.9038209579717542,-1.262822593199998,-2.525645186399996,-0.2185030632566433,-0.4370061265132866,0.00021277625712009214,False
0x3a140f8456b03f25ace243a211dca7b6c4bdb994,945,0.7417989417989418,0.2667617689015692,43644.0818,-0.5249218956696046,-1.0498437913392091,-1.3420716950763734,-2.6841433901527467,-1.7724730791519505,-3.544946158303901,0.00020442042671580356,False
0x010461c14e146ac35fe42271bdc1134ee31c703a,376,0.5026595744680851,0.39682539682539686,41066.3725,-0.11941746445060943,-0.23883492890121885,-0.5124635851934427,-1.0249271703868854,5.570951628234794,11.141903256469588,0.000192346935572835,False
0x36777d66876c601b71ba279c50e5654d59aab931,33,0.5757575757575758,0.0,40737.1368,-0.362505569056635,-0.72501113811327,-0.13634047895239765,-0.2726809579047953,1.6693855960768713,3.3387711921537426,0.0001908048593162536,False
0x31ca8395cf837de08b24da3f660e77761dfb974b,340,0.5323529411764706,0.4088397790055248,39186.0773,-0.18612287097413147,-0.37224574194826293,-0.8877245901126567,-1.7754491802253134,5.642578598031851,11.285157196063702,0.00018353999700789818,False
0x28142fb50558db4c90f3295a5b1fefa43fe56305,215,0.9348837209302325,0.4975124378109453,37221.947499999995,-0.4722392199924908,-0.9444784399849816,-2.1535170881703323,-4.3070341763406645,-3.897976215341203,-7.795952430682406,0.0001743403934125895,True
0xd4c1f7e8d876c4749228d515473d36f919583d1d,1072,0.010261194029850746,0.0,36843.984500000006,-0.6993382624960849,-1.3986765249921698,-0.001585126203950147,-0.003170252407900294,1.167134442400856,2.334268884801712,0.00017257008791969714,False
0x0476d2a416a5891d6ed3db35cab90922d373efcd,149,0.9328859060402684,0.4892086330935252,36736.864100000006,-1.1512861019904688,-2.3025722039809375,-0.740110093810019,-1.480220187620038,1.4508556929152896,2.901711385830579,0.00017206835671182538,True
0x08560ecdd75bff84533f97c0ffaa3e5102fe76f0,137,0.3284671532846715,0.0,35757.618800000004,0.11169025497110487,0.22338050994220973,-0.09443872336973796,-0.18887744673947593,0.09381612899905895,0.1876322579981179,0.00016748176137450647,False
0x5c180d12a23e4956f1a4b10f1c4598f619832709,59,1.0,0.3559322033898305,33888.0,-0.039888119642500657,-0.07977623928500131,-0.6872749807702572,-1.3745499615405143,4.9593677272563434,9.918735454512687,0.0001587248289994991,True
0xd12fc1277fdde927943d57a702cdf4e1438f8256,30,0.3333333333333333,0.0,30239.073799999995,0.0,0.0,-2.2414079362440096,-4.482815872488019,-4.233770546239104,-8.467541092478209,0.00014163396535671132,False
0x8cf0477f411d61448f4f638838c0698e9afd0351,42,0.5238095238095238,0.0,29999.327800000003,-0.11370269020570843,-0.22740538041141686,-0.15223982073131243,-0.30447964146262485,-0.8780829628109829,-1.7561659256219657,0.00014051104152369335,False
0xde6ce3bbff2b64459d38b6ecbe1d3bcfd27ed9e1,39,1.0,0.28205128205128205,28246.100000000002,-0.06530327431311132,-0.13060654862622265,0.4235471413795004,0.8470942827590008,0.026940183268636567,0.053880366537273135,0.00013229926205154485,False
0xfba15f012c6baa8d203c90ad129e062ca88d2efd,52,0.23076923076923078,0.25,25993.8379,-1.361683435047221,-2.723366870094442,-1.7190263442841245,-3.438052688568249,2.2996916888486623,4.5993833776973245,0.00012175010256486658,False
0xf276a32a7d0930d0dff8775cf22dbc4535ab282a,86,0.5813953488372093,0.2,24996.808100000002,-0.5933711416094783,-1.1867422832189567,-0.3153802202021992,-0.6307604404043984,-3.2382086472534035,-6.476417294506807,0.00011708020807382538,False
0x0675bfaf9faffe3343c08402200d7c75d0fd79e1,610,0.9934426229508196,0.4867986798679868,24595.2495,-0.48356719357036504,-0.9671343871407301,-1.7200851651654627,-3.4401703303309255,-2.204888879848418,-4.409777759696836,0.00011519938536023124,True
0xe6c650f79e5668859e6ec53f64a8daa4acaeab81,873,0.7250859106529209,0.24486571879936814,23976.4135,-0.41941515717836236,-0.8388303143567247,-1.4349197367978481,-2.8698394735956962,-1.7292890411068012,-3.4585780822136023,0.00011230087738458398,False
0x91b8fe97424c29806a490f18f0356fd08fb584a9,69,0.10144927536231885,0.0,23581.728000000003,5.912162162162615,11.82432432432523,20.028957528958,40.057915057916,45.728764478764894,91.45752895752979,0.00011045224694029451,False
0x940343d6a14f39cdb167dccf986ef33e7b93369e,571,0.02626970227670753,0.4,23546.5,-0.45221086929246807,-0.9044217385849361,-0.45454909557149054,-0.9090981911429811,-3.731905155936727,-7.463810311873454,0.00011028724581080931,False
0x23cc6b8202a812f0321a587cdff7088213e1c488,46,0.9782608695652174,0.4,23389.415500000003,-0.7032449143693869,-1.4064898287387737,-0.9159422433129198,-1.8318844866258397,0.5369447743304228,1.0738895486608455,0.0001095514924349544,True
0x6e1402f1a16642da68336205c2231c7a45dc9f0d,167,0.8862275449101796,0.4864864864864865,22505.119700000003,-0.5445354286378246,-1.0890708572756491,-1.2693280121067976,-2.538656024213595,-0.25017531802540127,-0.5003506360508025,0.00010540962216701368,True
0x6eed444550800009268b130cb080953f812e5c97,44,0.3409090909090909,0.0,22423.394400000005,0.2835431552685382,0.5670863105370764,1.7012589316090527,3.4025178632181055,-3.4025178632181055,-6.805035726436211,0.0001050268366893392,False
0x4c226d5a21ae3b9883f98cbda1a3be63e565f308,536,0.996268656716418,0.4681647940074906,21508.2603,-0.5857875420697782,-1.1715750841395565,-1.7714952711545922,-3.5429905423091843,-0.9095957077926625,-1.819191415585325,0.00010074052579657153,True
0x8e555c7f07eebea796dec9b9273e8c1b88a1abdc,104,0.5865384615384616,0.36065573770491804,20941.4195,0.07093840144788424,0.14187680289576848,-1.7511422356398185,-3.502284471279637,-1.839251834656403,-3.678503669312806,9.808555326794961e-05,False
0x614d0a20924523f510bdc1b480ec9481acfa6e23,63,0.2698412698412698,0.23529411764705888,20502.539800000002,-0.40212619266691846,-0.8042523853338369,-7.21767886608923,-14.43535773217846,-13.600670508138451,-27.201341016276903,9.602992574983548e-05,False
0xee772e29e31b9972e1b683b04944bd9937ac0304,420,1.0,0.13809523809523805,20245.433100000002,-0.4164405241737725,-0.832881048347545,-1.1568270537416945,-2.313654107483389,-0.5388903430974298,-1.0777806861948596,9.482568776021895e-05,False
0x9ef808ee81ee20a4168eaa9304ccb33c69309ec7,38,1.0,0.07894736842105263,17690.3076,-0.06125535922509549,-0.12251071845019099,-4.979577371878901,-9.959154743757802,-10.08564757379108,-20.17129514758216,8.285797476270478e-05,False
0xa8834f44846317a9f998467c01339049d5f58e3e,107,0.411214953271028,0.0,15388.0502,-4.27532990722802,-8.55065981445604,-4.506175204532696,-9.012350409065393,-8.392146568256026,-16.78429313651205,7.207464697328576e-05,False
0xb9edc1954749507034e0149bc51c3af104d79065,111,0.990990990990991,0.16363636363636364,14691.547599999998,-1.8354240413865128,-3.6708480827730257,-4.023452188562447,-8.046904377124894,-8.126392704675043,-16.252785409350086,6.881236368472619e-05,False
0xee07c83ba75cdaabc9f11812e09a4cdb447e7773,45,0.06666666666666667,0.3333333333333333,13226.8441,-0.847385814761493,-1.694771629522986,-2.2796695306392962,-4.5593390612785925,-11.730744652975437,-23.461489305950874,6.195197615602968e-05,False
0x83089ee02d834f0d0411eab46af8666a42dc289f,96,1.0,0.4166666666666667,12583.9574,-0.5745648977252489,-1.1491297954504978,-0.9331056411949675,-1.866211282389935,-0.9033599926070536,-1.8067199852141071,5.8940819359418714e-05,True
0xc175a7b5ee93b5f48c4bd1765039716c47a1f765,40,0.175,0.0,11007.2828,2.806485255829748,5.612970511659496,-8.189162556264256,-16.37832511252851,5.049462577550153,10.098925155100305,5.155598088347285e-05,False
0x556f569416d244c74a29f76726052adc962a03a9,126,0.03968253968253968,0.4,10530.3137,-1.20775110563711,-2.41550221127422,-3.951709238788188,-7.903418477576376,-9.327206974012071,-18.654413948024143,4.93219499924334e-05,False
0xb31a47d163904d3d7aeddb856abb3cb1d5421556,34,0.7352941176470589,0.48,9853.4205,-0.8053921677005467,-1.6107843354010933,-0.38610709814547906,-0.7722141962909581,-4.205218611442702,-8.410437222885404,4.6151513335772516e-05,True
0xf4827b61bd5879d12c4d0aaa078a96c3a9c3f953,114,1.0,0.41228070175438597,9572.7803,-1.1171204699256303,-2.2342409398512606,-3.860674035989176,-7.721348071978352,-1.1293246889913564,-2.258649377982713,4.4837048989827485e-05,True
0xeba0e2c407d394214e7ef9afbb22570cb2cf8074,75,0.9866666666666667,0.47297297297297297,9020.993799999998,-0.4830093491780594,-0.9660186983561188,-1.2031998757717106,-2.4063997515434212,-1.067641415273528,-2.135282830547056,4.2252587886878584e-05,True
0xa36ec0194012e4286ffb8b43ca84151bfcffec7b,43,0.627906976744186,0.0,8999.307700000001,-1.0039272201803324,-2.007854440360665,-2.379211187977896,-4.758422375955792,-4.805758782118067,-9.611517564236134,4.2151014394368974e-05,False
0x67726ad170c4eca4ce0b1bece923c4c1cb6545e2,41,0.1951219512195122,0.125,8116.264999999999,-3.2213813236275923,-6.442762647255185,-0.6522194675472721,-1.3044389350945442,2.801486251191517,5.602972502383034,3.8015013404143634e-05,False
0x2e4634304d58856d003545badbfef5ec1a442c1d,72,0.027777777777777776,0.0,8056.408799999999,0.0,0.0,-3.380662609872063,-6.761325219744126,-6.761325219744126,-13.522650439488253,3.7734658555537646e-05,False
0x40035c46ba8a19983ed014feb53c249961717744,147,1.0,0.48299319727891155,7725.9562000000005,-0.06960627987330854,-0.1392125597466171,0.34999656585518674,0.6999931317103735,3.228871751002464,6.457743502004928,3.6186882575030103e-05,True
0xd9c1ef5e179d706c4296b3abccbba362eb24158b,276,0.057971014492753624,0.25,7439.084,0.3162425700958993,0.6324851401917986,-0.8978060981118071,-1.7956121962236142,12.121541004484008,24.243082008968017,3.484322874802024e-05,False
0x4e7cfe8e3e20284ba246978abaf301c5fb0ccc9c,223,0.07623318385650224,0.47058823529411764,6960.594800000001,0.5447868316317865,1.089573663263573,-1.2509759743236664,-2.5019519486473327,29.529727505491266,59.05945501098253,3.260207800297459e-05,False
0xa1d8751328584cc4bff5764e5b8f729e21e05965,666,1.0,0.46996996996997,6825.2175,-0.7169693009390373,-1.4339386018780746,-1.5731373709463417,-3.1462747418926833,-1.0805572936513046,-2.161114587302609,3.1967996947942895e-05,True
0xe587a12fce187ffd7e0413f4888602fe5d904707,33,1.0,0.21212121212121215,6230.9668,-1.1132188923982997,-2.2264377847965995,-0.05629305284507705,-0.1125861056901541,0.4748977449296205,0.949795489859241,2.918464175612477e-05,False
0x4730fd5720754f9d395a6cf07f66ee8fa92c4b8d,58,1.0,0.4137931034482759,4871.777399999999,-0.3506583235084464,-0.7013166470168928,-1.3149551967344804,-2.6299103934689607,-1.0692479881033745,-2.138495976206749,2.281846183718792e-05,True
0xbdb0f45d9da67eab151508b15abc988f07ba5065,69,0.9855072463768116,0.39705882352941174,4452.0886,-0.4506847171032994,-0.9013694342065988,-1.8056288462454093,-3.6112576924908186,-1.6183128090228045,-3.236625618045609,2.0852720778022292e-05,True
0x011f99814dceb31af7cc8f5325fc785cc4d3581b,296,0.8952702702702703,0.49056603773584906,3929.0753000000004,-0.691927335335862,-1.383854670671724,-1.4850983500167991,-2.9701967000335983,-1.2732616460154544,-2.546523292030909,1.8403027771442863e-05,True
0x2837c128734ade71c55085cbe556699f064ea4a4,39,1.0,0.05128205128205128,3900.5854000000004,-0.11292357955041589,-0.22584715910083178,-4.207357375285271,-8.414714750570543,-8.865729876560215,-17.73145975312043,1.826958659740743e-05,False
0x92a82d5a4c34107a58cc5e13a19ff5544134d1c6,37,1.0,0.0,3769.26,0.7386130021874192,1.4772260043748384,-4.496472196732515,-8.99294439346503,-3.0790841539114027,-6.158168307822805,1.765448385725484e-05,False
0x47472cd62c99b8b5ce7e84e733515133e9aec0bd,182,0.1043956043956044,0.42105263157894735,3750.8374000000003,-0.0885128571111854,-0.1770257142223708,-0.9688447033911631,-1.9376894067823263,-3.9753824772691937,-7.950764954538387,1.7568195966711695e-05,False
0xe11b5dcb42f6cf07560159de82a30790d7544a00,32,1.0,0.03125,3746.6947,-0.24024993422806348,-0.48049986845612697,0.4792009243373607,0.9584018486747214,4.688939584229484,9.377879168458968,1.754879236221759e-05,False
0x9815aec32ff0db5b81241c9d17f187a3b44a0f16,358,0.9385474860335196,0.40773809523809523,3534.4286999999995,1.8926847442921901,3.7853694885843803,-0.6836380332463223,-1.3672760664926447,0.2728605031738731,0.5457210063477462,1.655457952721972e-05,True
0xbeadf095900480c9d68ab796d5b75920a0d95d84,124,0.29838709677419356,0.0,2976.8271999999997,-0.855832457592097,-1.711664915184194,-0.9266674935058979,-1.8533349870117959,2.917369981519116,5.834739963038232,1.3942882090446697e-05,False
0xc031e267504f5a6376d994a44007897c73634f6c,56,1.0,0.42857142857142855,2755.9190000000003,-0.030614601226942057,-0.061229202453884114,-2.3217855384920507,-4.643571076984101,2.4482589540845083,4.896517908169017,1.290819086436115e-05,True
0x123dbca6a27005a3c4ce10cb66ee8ece8fc13bff,31,1.0,0.0,2496.7854999999995,-0.29611107341419024,-0.5922221468283805,-0.9183506203306665,-1.836701240661333,10.945649473005414,21.891298946010828,1.1694459736069665e-05,False
0x17d03dd505d9f2951767fc25ff5a6381a36e8db9,245,0.710204081632653,0.27011494252873564,2178.2704000000003,-0.7843481575313485,-1.568696315062697,-1.510900581894334,-3.021801163788668,-2.2858948410871105,-4.571789682174221,1.0202596693657654e-05,False
0xcd82f03d5df801a69af899a7f13263388e1f6274,218,0.8394495412844036,0.05464480874316935,2127.9938,-0.03340732658480811,-0.06681465316961623,-0.17852427376879082,-0.35704854753758164,3.099990590703339,6.199981181406678,9.967110836195537e-06,False
0x570eb8d438bd209b0deeee3d2e0a8559f5d57fb7,59,0.9661016949152542,0.19298245614035092,2033.9767,-0.2805816205912884,-0.5611632411825768,-0.31097554775212377,-0.6219510955042475,-1.055363163454046,-2.110726326908092,9.526752947841876e-06,False
0x27c9fa86c91b84ddfa15de58c482ff662498d65d,158,0.012658227848101266,0.0,1999.6160000000002,-1.2841366321377081,-2.5682732642754162,0.4282654492832212,0.8565308985664424,-7.277580567982901,-14.555161135965802,9.365814083588953e-06,False
0x1fc2d0435145f7d0eec03ade9db82cb27c8e08fb,79,1.0,0.11392405063291139,1680.7687,-0.4813494436075281,-0.9626988872150563,-0.651939656469089,-1.303879312938178,1.7323559694304138,3.4647119388608276,7.872395080713245e-06,False
0xba4f14149851769e564b3e18157110947c7ac19a,81,0.9629629629629629,0.4230769230769231,1658.5372,-0.2919934088563183,-0.5839868177126366,-0.01843649782845544,-0.03687299565691088,0.9964689675783657,1.9929379351567313,7.768267040229818e-06,True
0x69a443271be6498c51393808e0a9f081493ab1d9,119,1.0,0.4873949579831933,1475.8081999999997,-0.6804093989542495,-1.360818797908499,-1.7026854688111088,-3.4053709376222177,-0.3318754863844712,-0.6637509727689423,6.9123997928782615e-06,True
0x78a34777bcf99afa711df4366801984a27ff1307,176,0.6931818181818182,0.21311475409836067,1474.3826999999999,-0.5617591907101384,-1.1235183814202767,-1.7753959430293897,-3.5507918860587795,-2.7994187679441285,-5.598837535888257,6.905723026951127e-06,False
0xe920a881a140c9376fd69b76d1c8f3da9e357a79,88,0.8977272727272727,0.31645569620253167,1333.6327999999999,-1.3237610204435333,-2.6475220408870666,-1.0432757302973485,-2.086551460594697,-2.653028590274299,-5.306057180548598,6.246477754016855e-06,True
0xad62875a8c24c6c312ac02b8689e138f467db928,71,1.0,0.49295774647887325,1313.2661000000005,-0.6940166954749389,-1.3880333909498779,-0.6421797871390386,-1.2843595742780771,-3.075625229617968,-6.151250459235936,6.151084075582483e-06,True
0x4509d6b734f9d85ce47108b4deec7a59759e01b4,57,0.9824561403508771,0.4821428571428571,1221.8580000000002,-0.3683210535972365,-0.736642107194473,-1.492064322705733,-2.984128645411466,-3.3203467044073696,-6.640693408814739,5.722946237950602e-06,True
0x9d780c8c727759a3b430cb56169262fa669c4ea2,44,1.0,0.4772727272727273,1136.1122999999998,-1.3477164125319574,-2.695432825063915,-5.007921998564536,-10.015843997129071,-3.838046702811076,-7.676093405622152,5.321329985296495e-06,True
0xdf954bbe619273a56e0cfa90dad8382195dc7d72,91,0.13186813186813187,0.0,1074.8723,-0.4225114983455944,-0.8450229966911889,-1.6921276677038293,-3.3842553354076585,-4.441582804977275,-8.88316560995455,5.034493685487438e-06,False
0x05285a020bb58aa7427323942f6482b870bcb74e,81,1.0,0.012345679012345678,954.7330000000001,-0.9120480125381637,-1.8240960250763274,-2.1080871101880683,-4.2161742203761365,-5.973457075924695,-11.94691415184939,4.471784471352065e-06,False
0xb54ddcd2e467d03c8b42ce2a428b205e35069f80,35,1.0,0.42857142857142855,708.0086,-0.1675965722392888,-0.3351931444785776,-0.6511830198749976,-1.3023660397499952,-0.14111316244426178,-0.28222632488852356,3.3161751642225793e-06,True
0xd1e33ecd343a4da03b5595b4264abe42493e71ab,33,0.8181818181818182,0.0,706.1630999999999,-0.15914477195492627,-0.31828954390985253,-7.918022804508943,-15.836045609017885,2.6639139792645774,5.327827958529155,3.3075311996357464e-06,False
0x16840278a84c03e71d7138c53d3c60586474eacc,30,1.0,0.3333333333333333,684.6740000000002,-0.39961824072982793,-0.7992364814596559,-2.499947241344832,-4.999894482689664,-2.0235800815046523,-4.047160163009305,3.206880416973651e-06,True
0x1bd07efb1857128d194bc1afa6767e3da1ae3969,30,1.0,0.3,533.5867000000001,-0.5395684202637461,-1.0791368405274921,-2.2751815533691895,-4.550363106738379,-6.3875175530347725,-12.775035106069545,2.499216764456653e-06,True
0x768d3a93377263ea79faaaacb7c8bc2bd65ae408,50,0.96,0.375,501.3738,-0.49249560956122934,-0.9849912191224587,-2.7276598927404936,-5.455319785480987,-1.7705227038792646,-3.541045407758529,2.3483377794449087e-06,True
0x4358112db50db0d9dbdcabe28e52527bdd3910dd,30,1.0,0.3333333333333333,479.2718000000001,-0.45616333544285037,-0.9123266708857007,-2.0475864836405724,-4.095172967281145,-2.5607584812784645,-5.121516962556929,2.2448162918815555e-06,True
0x9baf81f1c6f057e2d6d5821e2f65c31534458608,38,1.0,0.4736842105263158,473.2871,-0.38440355352238437,-0.7688071070447687,-1.5630328132304967,-3.1260656264609934,-1.7001521856749389,-3.4003043713498777,2.216785116122782e-06,True
0x2503e8887ad9fb75a0e383e6fdcff0ac444a3008,30,1.0,0.3333333333333333,369.40290000000005,-0.37123581358469193,-0.7424716271693839,-2.3020394098492334,-4.604078819698467,-2.306635194435778,-4.613270388871556,1.7302116423046234e-06,True
0xf065af758c301353207afdba4f9e4c80a6b375cd,110,0.2727272727272727,0.0,350.336,3.146184989134772,6.292369978269544,-1.4997274931945166,-2.999454986389033,34.241307842908185,68.48261568581637,1.6409059753413752e-06,False
0x32d8c555f0406ed0acccbc4b288ca33bba8d6ca4,31,1.0,0.3225806451612903,336.31250000000006,-0.44144838913824225,-0.8828967782764845,-1.9815353067489407,-3.9630706134978815,-2.5587659868323795,-5.117531973664759,1.5752226172360143e-06,True
0x96d07513fad530ca141a78bcc53a479fc1d72d69,32,1.0,0.34375,329.2731,-0.42765312697767216,-0.8553062539553443,-3.0080418414244234,-6.016083682848847,-2.4265614070393546,-4.853122814078709,1.5422514309382368e-06,True
0xe9676e2467b305b16276da8b6cd8461135f1af10,91,0.24175824175824176,0.3181818181818182,324.63370000000003,-0.3869069749726902,-0.7738139499453804,-1.7878668062267251,-3.5757336124534502,-3.856835088745532,-7.713670177491064,1.5205213798387247e-06,False
0x0969ab923f8cb3c2b6e9a8a4c56e51ab4fc3c821,32,0.53125,0.0,210.8837,-0.39067156103185074,-0.7813431220637015,-0.6832934579147687,-1.3665869158295374,-0.6339665559447658,-1.2679331118895316,9.877384095042986e-07,False
0x752686e2ac71850d733625f28cb80ff7e534217a,30,0.03333333333333333,0.0,103.1742,0.0,0.0,0.8335417187634505,1.667083437526901,1.6670834375257166,3.3341668750514333,4.832479713220054e-07,False
0x0070b3bbae544a49a4a8f27d2a1d5e4c93112977,41,0.04878048780487805,0.0,50.8596,-2.162816852668178,-4.325633705336356,-8.651267410675171,-17.302534821350342,6.147859998861804e-13,1.2295719997723609e-12,2.3821651655402873e-07,False
0xe980c76f1ac56085c747e2fb8050ee37ac21760c,33,0.030303030303030304,0.0,50.4863,-0.8517162081586667,-1.7034324163173333,-1.703432416318544,-3.406864832637088,-16.18260795502919,-32.36521591005838,2.3646805165006528e-07,False
0x174b730c2fdcb8a6cac43e7e48f4e036ef3f1d80,42,0.023809523809523808,0.0,24.756899999999998,-1.696496734243449,-3.392993468486898,-6.785986936975001,-13.571973873950002,-17.81321570955923,-35.62643141911846,1.1595652499580086e-07,False
0x12043f0fd2a1cf0f0e241b54651e518ee7e6152f,34,0.029411764705882353,0.0,18.9264,3.381519993236287,6.763039986472574,-10.144559979711264,-20.28911995942253,-35.505959928988226,-71.01191985797645,8.864759217351629e-08,False
